16, 0.5, 0, 3, -2.82776, 100, 100, 3600, 1675, 20000
16, 0.75, 0, 3, -0.663476, 100, 100, 5400, 1325, 20000
16, 0.666667, 0, 3, -1.31038, 100, 100, 4800, 1439, 20000
16, 0.75, 1, 3, -0.663476, 100, 100, 5400, 1260, 20000
16, 0.666667, 1, 3, -1.31038, 100, 100, 4800, 1398, 20000
16, 0.833333, 0, 3, -0.0690804, 100, 100, 6000, 1142, 20000
16, 0.5, 0, 3, -1.82776, 100, 100, 3600, 1566, 20000
16, 0.75, 0, 3, 0.336524, 100, 100, 5400, 1118, 20000
16, 0.666667, 0, 3, -0.310382, 100, 100, 4800, 1142, 20000
16, 0.75, 1, 3, 0.336524, 100, 100, 5400, 1041, 20000
16, 0.5, 0, 3, -0.827757, 104, 100, 3744, 1221, 19906
16, 0.666667, 1, 3, -0.310382, 100, 100, 4800, 1213, 20000
16, 0.833333, 0, 3, 0.93092, 100, 100, 6000, 972, 20000
16, 0.75, 0, 3, 1.33652, 101, 100, 5454, 874, 20033
16, 0.666667, 0, 3, 0.689618, 101, 100, 4848, 977, 20189
16, 0.75, 1, 3, 1.33652, 100, 100, 5400, 897, 19916
16, 0.5, 0, 3, 0.152824, 129, 100, 4644, 1103, 20447
16, 0.75, 0, 3, 2.33156, 103, 100, 5562, 679, 19868
16, 0.666667, 0, 3, 1.68466, 115, 100, 5520, 717, 19465
16, 0.666667, 1, 3, 0.689618, 103, 100, 4944, 967, 20016
16, 0.833333, 0, 3, 1.93092, 100, 100, 6000, 803, 20000
16, 0.75, 1, 3, 2.33652, 106, 100, 5724, 660, 20209
16, 0.5, 0, 3, 1.03327, 198, 100, 7128, 966, 20033
16, 0.75, 0, 3, 3.31689, 145, 100, 7830, 586, 20090
16, 0.666667, 0, 3, 2.61716, 172, 100, 8256, 670, 20338
16, 0.666667, 1, 3, 1.67495, 109, 100, 5232, 756, 19572
16, 0.833333, 0, 3, 2.93092, 102, 100, 6120, 596, 19653
16, 0.5, 0, 3, 1.74394, 341, 100, 12276, 940, 21408
16, 0.75, 0, 3, 4.14735, 240, 100, 12960, 498, 19925
16, 0.75, 1, 3, 3.30781, 147, 100, 7938, 592, 20213
16, 0.666667, 0, 3, 3.37965, 304, 100, 14592, 675, 20743
16, 0.666667, 1, 3, 2.63277, 142, 100, 6816, 626, 19187
16, 0.833333, 0, 3, 3.92107, 120, 100, 7200, 409, 20209
16, 0.75, 0, 3, 4.79284, 478, 100, 25812, 482, 20311
16, 0.5, 0, 3, 2.28547, 668, 100, 24048, 856, 24025
16, 0.75, 1, 3, 4.1326, 233, 100, 12582, 509, 19655
16, 0.666667, 0, 3, 3.95319, 679, 100, 32592, 576, 22109
16, 0.5, 0, 27, -2.82776, 100, 100, 32400, 14801, 20000
16, 0.666667, 1, 3, 3.47196, 228, 100, 10944, 540, 18491
16, 0.833333, 0, 3, 4.83394, 209, 100, 12540, 379, 18035
16, 0.75, 0, 3, 5.25023, 935, 100, 50490, 429, 19640
16, 0.75, 1, 3, 4.78772, 399, 100, 21546, 481, 19854
16, 0.833333, 0, 27, -0.0690804, 100, 100, 54000, 10343, 20000
16, 0.5, 0, 3, 2.67239, 1118, 100, 40248, 827, 26193
16, 0.666667, 0, 27, -1.31038, 100, 100, 43200, 12498, 20000
16, 0.666667, 0, 3, 4.33696, 1076, 100, 51648, 566, 23126
16, 0.833333, 0, 3, 5.52565, 311, 100, 18660, 348, 16708
16, 0.666667, 1, 27, -1.31038, 100, 100, 43200, 12605, 20000
16, 0.666667, 1, 3, 4.13422, 479, 100, 22992, 530, 20113
11, 0.5, 0, 27, -2.82776, 100, 100, 32400, 15315, 20000
16, 0.75, 1, 3, 5.28834, 1067, 100, 57618, 441, 22319
16, 0.75, 0, 3, 5.57727, 1778, 100, 96012, 397, 22107
11, 0.666667, 0, 27, -1.31038, 100, 100, 43200, 12618, 20000
11, 0.75, 0, 27, -0.663476, 100, 100, 48600, 11431, 20000
16, 0.75, 1, 27, -0.663476, 100, 100, 48600, 11414, 20000
16, 0.833333, 0, 3, 6.0927, 631, 100, 37860, 340, 17609
16, 0.666667, 0, 3, 4.64181, 1792, 100, 86016, 542, 24836
16, 0.5, 0, 3, 2.97146, 2050, 100, 73800, 834, 30200
16, 0.666667, 1, 3, 4.59113, 1107, 100, 53136, 509, 22623
16, 0.75, 0, 3, 5.81442, 2398, 100, 129492, 415, 22437
16, 0.75, 0, 27, -0.663476, 100, 100, 48600, 11500, 20000
16, 0.75, 1, 3, 5.59448, 1603, 100, 86562, 449, 21943
16, 0.833333, 0, 3, 6.49079, 1183, 100, 70980, 267, 15686
16, 0.666667, 1, 3, 4.89169, 1464, 100, 70272, 441, 21939
16, 0.666667, 0, 3, 4.87804, 2933, 100, 140784, 558, 27106
16, 0.75, 0, 3, 6.01863, 3776, 100, 203904, 390, 23290
16, 0.833333, 0, 3, 6.78154, 1586, 100, 95160, 289, 15063
16, 0.5, 0, 3, 3.19232, 2661, 100, 95796, 837, 31594
11, 0.833333, 0, 27, -0.0690804, 100, 100, 54000, 10453, 20000
16, 0.75, 1, 3, 5.84425, 2910, 100, 157140, 442, 24616
16, 0.5, 0, 27, -1.82776, 100, 100, 32400, 13076, 20000
16, 0.5, 0, 54, -2.82776, 100, 100, 64800, 30119, 20000
16, 0.833333, 0, 3, 7.03264, 2129, 100, 127740, 236, 12464
16, 0.666667, 1, 3, 5.15304, 2383, 100, 114384, 393, 21666
16, 0.666667, 0, 27, -0.310382, 100, 100, 43200, 10905, 20000
16, 0.75, 0, 3, 6.18137, 5025, 100, 271350, 364, 22505
16, 0.833333, 0, 54, -0.0690804, 100, 100, 108000, 20661, 20000
16, 0.666667, 0, 3, 5.06269, 4298, 100, 206304, 460, 28259
16, 0.666667, 0, 54, -1.31038, 100, 100, 86400, 25324, 20000
16, 0.75, 1, 3, 6.02962, 3435, 100, 185490, 428, 23581
16, 0.666667, 1, 27, -0.310382, 100, 100, 43200, 10769, 20000
16, 0.833333, 0, 27, 0.93092, 100, 100, 54000, 8694, 20000
16, 0.833333, 0, 3, 7.24936, 3040, 100, 182400, 277, 14084
11, 0.5, 0, 27, -1.82776, 100, 100, 32400, 13299, 20000
16, 0.5, 0, 3, 3.38618, 4642, 100, 167112, 815, 40949
16, 0.666667, 1, 3, 5.35789, 2847, 100, 136656, 460, 22123
16, 0.75, 1, 27, 0.336524, 100, 100, 48600, 9701, 20000
16, 0.75, 0, 3, 6.32244, 4666, 100, 251964, 313, 19649
11, 0.666667, 0, 54, -1.31038, 100, 100, 86400, 25118, 20000
11, 0.666667, 0, 27, -0.310382, 100, 100, 43200, 10748, 20000
11, 0.75, 0, 27, 0.336524, 100, 100, 48600, 9693, 20000
16, 0.75, 1, 3, 6.20025, 4579, 100, 247266, 371, 23195
11, 0.833333, 0, 54, -0.0690804, 100, 100, 108000, 20839, 20000
16, 0.666667, 0, 3, 5.21522, 4849, 100, 232752, 475, 27522
16, 0.5, 0, 27, -0.827757, 100, 100, 32400, 10720, 20000
16, 0.833333, 0, 3, 7.43073, 4315, 100, 258900, 212, 11733
16, 0.5, 0, 81, -2.82776, 100, 100, 97200, 45307, 20000
16, 0.666667, 1, 54, -1.31038, 100, 100, 86400, 25318, 20000
11, 0.75, 0, 54, -0.663476, 100, 100, 97200, 22947, 20000
16, 0.75, 0, 3, 6.46883, 7322, 100, 395388, 260, 19611
16, 0.666667, 1, 3, 5.54531, 4261, 100, 204528, 402, 24249
16, 0.75, 1, 3, 6.34803, 5429, 100, 293166, 305, 23286
16, 0.75, 0, 27, 0.336524, 100, 100, 48600, 9683, 20000
16, 0.75, 0, 54, -0.663476, 100, 100, 97200, 22844, 20000
16, 0.5, 0, 3, 3.53295, 5582, 100, 200952, 771, 41458
16, 0.666667, 0, 27, 0.689618, 100, 100, 43200, 8874, 20000
16, 0.666667, 0, 3, 5.35883, 5904, 100, 283392, 384, 26863
11, 0.5, 0, 54, -2.82776, 100, 100, 64800, 29997, 20000
16, 0.75, 1, 54, -0.663476, 100, 100, 97200, 22884, 20000
16, 0.666667, 1, 27, 0.689618, 100, 100, 43200, 8745, 20000
16, 0.833333, 0, 3, 7.58297, 5485, 100, 329100, 214, 11307
16, 0.833333, 0, 27, 1.93092, 100, 100, 54000, 6904, 20000
16, 0.75, 0, 81, -0.663476, 100, 100, 145800, 34702, 20000
16, 0.666667, 0, 81, -1.31038, 100, 100, 129600, 37672, 20000
11, 0.5, 0, 81, -2.82776, 100, 100, 97200, 45633, 20000
16, 0.666667, 1, 81, -1.31038, 100, 100, 129600, 37504, 20000
11, 0.5, 0, 27, -0.827757, 100, 100, 32400, 11227, 20000
16, 0.833333, 0, 81, -0.0690804, 100, 100, 162000, 31065, 20000
16, 0.75, 1, 3, 6.48375, 8597, 100, 464238, 311, 24855
16, 0.75, 0, 3, 6.5857, 10134, 100, 547236, 231, 22421
16, 0.75, 1, 27, 1.33652, 100, 100, 48600, 7886, 20000
16, 0.666667, 1, 3, 5.69851, 5736, 100, 275328, 387, 30428
11, 0.833333, 0, 27, 0.93092, 100, 100, 54000, 8670, 20000
16, 0.5, 0, 27, 0.172243, 106, 100, 34344, 7615, 20162
11, 0.666667, 0, 27, 0.689618, 100, 100, 43200, 8757, 20000
11, 0.833333, 0, 81, -0.0690804, 100, 100, 162000, 31224, 20000
11, 0.75, 0, 27, 1.33652, 100, 100, 48600, 7807, 20000
16, 0.5, 0, 3, 3.6668, 6156, 100, 221616, 608, 38522
16, 0.833333, 0, 3, 7.71799, 4850, 100, 291000, 250, 10790
16, 0.75, 1, 81, -0.663476, 100, 100, 145800, 34486, 20000
16, 0.666667, 0, 3, 5.48897, 7295, 100, 350160, 382, 26880
16, 0.5, 0, 54, -1.82776, 100, 100, 64800, 26138, 20000
16, 0.666667, 0, 27, 1.68962, 100, 100, 43200, 6737, 20000
16, 0.75, 1, 3, 6.5916, 8943, 100, 482922, 305, 25006
16, 0.666667, 0, 54, -0.310382, 100, 100, 86400, 21422, 20000
16, 0.666667, 1, 27, 1.68962, 100, 100, 43200, 6548, 20000
16, 0.833333, 0, 54, 0.93092, 100, 100, 108000, 17317, 20000
16, 0.833333, 0, 27, 2.93092, 100, 100, 54000, 5126, 20000
16, 0.75, 0, 3, 6.68503, 12700, 100, 685800, 263, 27472
16, 0.666667, 1, 3, 5.83054, 7078, 100, 339744, 410, 29500
16, 0.833333, 0, 3, 7.86158, 6997, 100, 419820, 213, 11269
16, 0.666667, 0, 3, 5.60605, 8646, 100, 415008, 312, 27054
16, 0.75, 0, 27, 1.33652, 100, 100, 48600, 7920, 20000
11, 0.5, 0, 27, 0.172243, 108, 100, 34992, 8658, 20361
16, 0.5, 0, 3, 3.79425, 8467, 100, 304812, 679, 48299
16, 0.5, 0, 27, 1.14353, 310, 100, 100440, 5710, 25018
16, 0.75, 1, 27, 2.33652, 100, 100, 48600, 6044, 20000
16, 0.75, 1, 3, 6.69734, 9848, 100, 531792, 197, 21938
11, 0.666667, 0, 27, 1.68962, 100, 100, 43200, 6600, 20000
11, 0.666667, 0, 54, -0.310382, 100, 100, 86400, 21740, 20000
11, 0.75, 0, 27, 2.33652, 100, 100, 48600, 5931, 20000
11, 0.75, 0, 81, -0.663476, 100, 100, 145800, 34496, 20000
16, 0.833333, 0, 3, 7.98113, 6368, 100, 382080, 184, 7920
11, 0.666667, 0, 81, -1.31038, 100, 100, 129600, 37745, 20000
16, 0.666667, 0, 27, 2.68962, 141, 100, 60912, 4297, 21140
11, 0.833333, 0, 54, 0.93092, 100, 100, 108000, 17331, 20000
16, 0.75, 0, 3, 6.77377, 12325, 100, 665550, 223, 22185
16, 0.666667, 1, 27, 2.68962, 129, 100, 55728, 4208, 20833
16, 0.833333, 0, 27, 3.93092, 101, 100, 54540, 3461, 20013
16, 0.666667, 0, 3, 5.7136, 9628, 100, 462144, 319, 28384
16, 0.666667, 1, 3, 5.9494, 9053, 100, 434544, 333, 31854
11, 0.833333, 0, 27, 1.93092, 100, 100, 54000, 6944, 20000
11, 0.75, 0, 54, 0.336524, 100, 100, 97200, 19213, 20000
16, 0.5, 0, 81, -1.82776, 100, 100, 97200, 39301, 20000
16, 0.75, 1, 3, 6.79811, 11992, 100, 647568, 222, 24079
16, 0.75, 0, 27, 2.33652, 100, 100, 48600, 5951, 20000
16, 0.666667, 1, 54, -0.310382, 100, 100, 86400, 21438, 20000
16, 0.75, 1, 27, 3.33652, 109, 100, 52974, 4043, 20199
16, 0.833333, 0, 3, 8.10644, 9502, 100, 570120, 176, 9404
16, 0.5, 0, 3, 3.90293, 10672, 100, 384192, 595, 50463
16, 0.75, 0, 3, 6.86385, 13665, 100, 737910, 220, 20446
16, 0.5, 0, 54, -0.827757, 100, 100, 64800, 21071, 20000
11, 0.666667, 0, 27, 2.68962, 134, 100, 57888, 4739, 20826
11, 0.5, 0, 27, 1.13449, 407, 100, 131868, 6447, 26601
11, 0.75, 0, 27, 3.33652, 101, 100, 49086, 4012, 20015
16, 0.75, 0, 54, 0.336524, 100, 100, 97200, 19187, 20000
16, 0.666667, 0, 54, 0.689618, 100, 100, 86400, 17506, 20000
16, 0.666667, 0, 3, 5.81551, 10884, 100, 522432, 267, 28052
16, 0.833333, 0, 27, 4.92596, 143, 100, 77220, 2065, 20726
11, 0.5, 0, 54, -1.82776, 100, 100, 64800, 26498, 20000
16, 0.833333, 0, 54, 1.93092, 100, 100, 108000, 13516, 20000
16, 0.666667, 0, 81, -0.310382, 100, 100, 129600, 32493, 20000
16, 0.666667, 1, 3, 6.05451, 9924, 100, 476352, 328, 30764
16, 0.75, 1, 54, 0.336524, 100, 100, 97200, 19237, 20000
16, 0.75, 1, 3, 6.88943, 13418, 100, 724572, 237, 22908
16, 0.75, 0, 3, 6.94939, 12952, 100, 699408, 197, 19285
16, 0.666667, 1, 81, -0.310382, 100, 100, 129600, 32356, 20000
16, 0.833333, 0, 81, 0.93092, 100, 100, 162000, 25883, 20000
16, 0.75, 0, 81, 0.336524, 100, 100, 145800, 28939, 20000
16, 0.666667, 0, 27, 3.53177, 1328, 100, 573696, 3251, 35855
16, 0.5, 0, 27, 1.71149, 1881, 100, 609444, 5153, 50419
16, 0.833333, 0, 3, 8.20903, 11810, 100, 708600, 170, 9884
16, 0.666667, 1, 27, 3.57007, 1055, 100, 455760, 3248, 34575
16, 0.75, 0, 27, 3.33652, 104, 100, 50544, 3877, 20080
11, 0.833333, 0, 81, 0.93092, 100, 100, 162000, 25792, 20000
16, 0.5, 0, 3, 3.99973, 11413, 100, 410868, 458, 49292
11, 0.5, 0, 81, -1.82776, 100, 100, 97200, 39837, 20000
16, 0.666667, 0, 3, 5.91137, 10665, 100, 511920, 208, 23278
16, 0.75, 1, 27, 4.29435, 579, 100, 281394, 2795, 26897
11, 0.833333, 0, 27, 2.93092, 100, 100, 54000, 5125, 20000
11, 0.666667, 0, 54, 0.689618, 100, 100, 86400, 17742, 20000
16, 0.75, 1, 3, 6.97576, 14357, 100, 775278, 206, 22773
16, 0.75, 1, 81, 0.336524, 100, 100, 145800, 28956, 20000
11, 0.833333, 0, 54, 1.93092, 100, 100, 108000, 13930, 20000
16, 0.666667, 1, 3, 6.15489, 10538, 100, 505824, 294, 29088
11, 0.75, 0, 27, 4.33156, 540, 100, 262440, 2631, 25212
16, 0.75, 0, 3, 7.03726, 19675, 100, 1062450, 172, 24501
16, 0.5, 0, 54, 0.172243, 101, 100, 65448, 15724, 20025
16, 0.833333, 0, 27, 5.7622, 1391, 100, 751140, 1759, 30716
16, 0.833333, 0, 3, 8.30105, 12532, 100, 751920, 153, 9025
16, 0.666667, 0, 3, 6.0082, 11042, 100, 530016, 217, 23004
11, 0.75, 0, 54, 1.33652, 100, 100, 97200, 15646, 20000
16, 0.666667, 0, 54, 1.68962, 100, 100, 86400, 13297, 20000
16, 0.75, 1, 3, 7.05922, 15583, 100, 841482, 170, 21584
11, 0.666667, 0, 27, 3.55349, 1554, 100, 671328, 3756, 37082
16, 0.5, 0, 81, -0.827757, 100, 100, 97200, 32775, 20000
16, 0.833333, 0, 54, 2.93092, 100, 100, 108000, 10314, 20000
16, 0.5, 0, 3, 4.09333, 14965, 100, 538740, 505, 59369
16, 0.666667, 1, 54, 0.689618, 100, 100, 86400, 17696, 20000
16, 0.75, 0, 3, 7.10855, 19580, 100, 1057320, 148, 22825
16, 0.75, 0, 27, 4.3171, 458, 100, 222588, 2766, 24960
16, 0.666667, 0, 3, 6.10336, 13746, 100, 659808, 214, 25029
11, 0.833333, 0, 27, 3.93092, 100, 100, 54000, 3570, 20000
16, 0.666667, 1, 3, 6.2523, 16652, 100, 799296, 288, 37672
16, 0.833333, 0, 3, 8.39038, 14156, 100, 849360, 169, 10322
16, 0.75, 0, 54, 1.33652, 100, 100, 97200, 15590, 20000
16, 0.75, 1, 3, 7.13932, 16028, 100, 865512, 180, 20089
16, 0.666667, 0, 81, 0.689618, 100, 100, 129600, 26181, 20000
11, 0.5, 0, 54, -0.827757, 100, 100, 64800, 22432, 20000
11, 0.5, 0, 27, 1.63018, 2803, 100, 908172, 5626, 61602
11, 0.666667, 0, 54, 1.68962, 100, 100, 86400, 13275, 20000
16, 0.75, 0, 3, 7.18002, 16794, 100, 906876, 174, 19368
16, 0.666667, 1, 81, 0.689618, 100, 100, 129600, 26519, 20000
16, 0.75, 1, 54, 1.33652, 100, 100, 97200, 15571, 20000
16, 0.833333, 0, 81, 1.93092, 100, 100, 162000, 20596, 20000
11, 0.833333, 0, 54, 2.93092, 100, 100, 108000, 10162, 20000
16, 0.666667, 0, 3, 6.18866, 11961, 100, 574128, 152, 20402
11, 0.75, 0, 81, 0.336524, 100, 100, 145800, 29104, 20000
16, 0.75, 0, 81, 1.33652, 100, 100, 145800, 23165, 20000
16, 0.5, 0, 54, 1.16728, 373, 100, 241704, 10799, 27608
16, 0.666667, 1, 27, 3.87794, 4008, 100, 1731456, 2805, 62468
16, 0.666667, 0, 54, 2.68962, 124, 100, 107136, 7925, 20596
11, 0.666667, 0, 81, -0.310382, 100, 100, 129600, 32746, 20000
16, 0.5, 0, 3, 4.17508, 13788, 100, 496368, 383, 51583
16, 0.75, 1, 3, 7.21831, 16551, 100, 893754, 149, 18792
16, 0.75, 1, 27, 4.70994, 3648, 100, 1772928, 2638, 53182
16, 0.833333, 0, 3, 8.47443, 12902, 100, 774120, 154, 9119
16, 0.833333, 0, 54, 3.93092, 100, 100, 108000, 6952, 20000
11, 0.833333, 0, 81, 1.93092, 100, 100, 162000, 20423, 20000
11, 0.75, 0, 54, 2.33652, 100, 100, 97200, 11890, 20000
16, 0.666667, 0, 27, 3.80618, 5773, 100, 2493936, 3104, 78393
11, 0.5, 0, 81, -0.827757, 100, 100, 97200, 33521, 20000
11, 0.75, 0, 27, 4.76189, 3247, 100, 1578042, 2603, 45983
16, 0.833333, 0, 27, 6.03032, 5298, 100, 2860920, 1316, 55006
16, 0.666667, 0, 3, 6.28009, 14107, 100, 677136, 160, 23311
16, 0.75, 0, 3, 7.25718, 22073, 100, 1191942, 140, 21565
16, 0.75, 1, 81, 1.33652, 100, 100, 145800, 23451, 20000
11, 0.833333, 0, 27, 4.93092, 137, 100, 73980, 2133, 20638
16, 0.5, 0, 81, 0.172243, 101, 100, 98172, 23453, 20032
16, 0.75, 1, 3, 7.29604, 16863, 100, 910602, 149, 18122
16, 0.5, 0, 27, 1.94206, 5903, 100, 1912572, 4594, 100688
16, 0.666667, 1, 3, 6.32979, 22537, 100, 1081776, 315, 46651
16, 0.833333, 0, 3, 8.56246, 14049, 100, 842940, 148, 6488
16, 0.666667, 1, 54, 1.68962, 100, 100, 86400, 13334, 20000
16, 0.5, 0, 3, 4.26024, 15468, 100, 556848, 370, 55734
16, 0.666667, 0, 3, 6.36429, 15494, 100, 743712, 148, 23056
16, 0.75, 0, 3, 7.32449, 21808, 100, 1177632, 145, 19336
11, 0.666667, 0, 54, 2.68962, 140, 100, 120960, 8753, 20994
11, 0.833333, 0, 54, 3.93092, 100, 100, 108000, 6987, 20000
16, 0.75, 0, 54, 2.33652, 100, 100, 97200, 12094, 20000
16, 0.666667, 0, 81, 1.68962, 100, 100, 129600, 20025, 20000
16, 0.833333, 0, 54, 4.93092, 145, 100, 156600, 3481, 21052
16, 0.75, 1, 3, 7.37305, 20088, 100, 1084752, 153, 20891
16, 0.833333, 0, 3, 8.64683, 14841, 100, 890460, 139, 6796
16, 0.666667, 1, 81, 1.68962, 100, 100, 129600, 20095, 20000
16, 0.833333, 0, 81, 2.93092, 100, 100, 162000, 15550, 20000
11, 0.5, 0, 54, 0.172243, 104, 100, 67392, 16531, 20242
11, 0.75, 0, 54, 3.33652, 102, 100, 99144, 7573, 20055
16, 0.75, 0, 27, 4.78437, 3688, 100, 1792368, 2463, 50182
16, 0.75, 1, 54, 2.33652, 100, 100, 97200, 11898, 20000
16, 0.666667, 0, 3, 6.44462, 15289, 100, 733872, 132, 21156
16, 0.75, 0, 3, 7.39221, 18884, 100, 1019736, 148, 16887
16, 0.75, 0, 81, 2.33652, 100, 100, 145800, 17788, 20000
16, 0.5, 0, 3, 4.34065, 16523, 100, 594828, 391, 55987
16, 0.75, 1, 3, 7.4436, 17951, 100, 969354, 149, 15603
16, 0.666667, 1, 3, 6.39641, 22127, 100, 1062096, 265, 42827
11, 0.666667, 0, 27, 3.80716, 6299, 100, 2721168, 3601, 78731
11, 0.833333, 0, 81, 2.93092, 100, 100, 162000, 15348, 20000
16, 0.666667, 0, 3, 6.5255, 14621, 100, 701808, 111, 18499
11, 0.5, 0, 81, 0.172243, 101, 100, 98172, 24046, 20036
16, 0.833333, 0, 3, 8.72892, 19233, 100, 1153980, 140, 7292
11, 0.833333, 0, 27, 5.78528, 1876, 100, 1013040, 1738, 32665
16, 0.75, 1, 81, 2.33652, 100, 100, 145800, 17946, 20000
16, 0.75, 0, 3, 7.46498, 23653, 100, 1277262, 143, 18960
16, 0.666667, 1, 54, 2.68962, 115, 100, 99360, 8611, 20591
16, 0.75, 1, 27, 4.8755, 6669, 100, 3241134, 2487, 72083
11, 0.833333, 0, 54, 4.93092, 139, 100, 150120, 3843, 20740
16, 0.75, 1, 3, 7.51824, 21467, 100, 1159218, 132, 17897
11, 0.75, 0, 81, 1.33652, 100, 100, 145800, 23245, 20000
16, 0.5, 0, 81, 1.16728, 541, 100, 525852, 14482, 32353
16, 0.666667, 0, 81, 2.68962, 120, 100, 155520, 11403, 20742
11, 0.666667, 0, 81, 0.689618, 100, 100, 129600, 26527, 20000
16, 0.75, 0, 54, 3.33652, 100, 100, 97200, 7690, 20000
16, 0.666667, 0, 3, 6.6082, 15313, 100, 735024, 108, 18570
16, 0.833333, 0, 27, 6.16771, 10509, 100, 5674860, 1246, 76858
16, 0.666667, 1, 3, 6.46363, 20187, 100, 968976, 254, 38197
16, 0.5, 0, 3, 4.41844, 19927, 100, 717372, 290, 62060
16, 0.666667, 1, 27, 4.0359, 9788, 100, 4228416, 2918, 105097
16, 0.666667, 1, 81, 2.68962, 110, 100, 142560, 11828, 20300
16, 0.833333, 0, 81, 3.93092, 100, 100, 162000, 10542, 20000
16, 0.833333, 0, 3, 8.80103, 17786, 100, 1067160, 134, 6051
16, 0.75, 0, 3, 7.53, 28004, 100, 1512216, 110, 20461
16, 0.75, 1, 3, 7.58649, 23988, 100, 1295352, 117, 18682
16, 0.75, 1, 54, 3.33652, 101, 100, 98172, 8019, 20013
16, 0.75, 0, 81, 3.33652, 100, 100, 145800, 11701, 20000
16, 0.666667, 0, 3, 6.68901, 17947, 100, 861456, 119, 19991
16, 0.666667, 0, 27, 3.93779, 10876, 100, 4698432, 2721, 119090
16, 0.5, 0, 3, 4.48928, 14349, 100, 516564, 259, 43358
11, 0.833333, 0, 81, 3.93092, 100, 100, 162000, 10259, 20000
16, 0.75, 0, 3, 7.58976, 23874, 100, 1289196, 134, 17172
16, 0.75, 1, 3, 7.65106, 19074, 100, 1029996, 120, 14372
11, 0.5, 0, 27, 1.81906, 7862, 100, 2547288, 5696, 123608
16, 0.833333, 0, 3, 8.87601, 17401, 100, 1044060, 141, 7125
11, 0.75, 0, 54, 4.32667, 1273, 100, 1237356, 5009, 35798
16, 0.666667, 1, 3, 6.53402, 23592, 100, 1132416, 227, 40590
16, 0.666667, 0, 3, 6.76366, 16968, 100, 814464, 130, 18536
16, 0.75, 1, 81, 3.33652, 100, 100, 145800, 11741, 20000
16, 0.5, 0, 27, 2.07222, 10521, 100, 3408804, 4505, 150757
16, 0.833333, 0, 81, 4.93092, 140, 100, 226800, 5040, 20828
16, 0.75, 0, 3, 7.65448, 28346, 100, 1530684, 118, 19377
11, 0.75, 0, 27, 4.93739, 12431, 100, 6041466, 2481, 106492
16, 0.75, 1, 3, 7.72347, 27792, 100, 1500768, 116, 18500
16, 0.833333, 0, 3, 8.95182, 26097, 100, 1565820, 131, 8721
16, 0.5, 0, 3, 4.57276, 19838, 100, 714168, 244, 56462
16, 0.75, 0, 27, 4.94904, 7472, 100, 3631392, 2259, 72269
16, 0.666667, 0, 3, 6.84042, 20002, 100, 960096, 116, 20366
11, 0.5, 0, 54, 1.15282, 936, 100, 606528, 11978, 41176
16, 0.833333, 0, 54, 5.76137, 5991, 100, 6470280, 2406, 72240
16, 0.75, 0, 54, 4.33652, 897, 100, 871884, 4697, 31079
16, 0.666667, 1, 3, 6.59912, 24758, 100, 1188384, 229, 40343
16, 0.75, 1, 3, 7.78345, 21881, 100, 1181574, 133, 15148
11, 0.75, 0, 81, 2.33652, 100, 100, 145800, 17695, 20000
16, 0.75, 0, 3, 7.71387, 26731, 100, 1443474, 125, 17019
11, 0.833333, 0, 81, 4.93092, 127, 100, 205740, 5050, 20644
11, 0.666667, 0, 81, 1.68962, 100, 100, 129600, 20335, 20000
16, 0.666667, 0, 54, 3.58764, 7354, 100, 6353856, 5450, 108167
11, 0.833333, 0, 27, 6.01616, 5900, 100, 3186000, 1686, 52294
16, 0.833333, 0, 27, 6.26526, 13423, 100, 7248420, 1002, 85403
16, 0.666667, 0, 3, 6.91113, 19556, 100, 938688, 115, 18978
16, 0.833333, 0, 3, 9.01372, 22469, 100, 1348140, 132, 6582
16, 0.5, 0, 3, 4.64376, 18640, 100, 671040, 213, 51690
16, 0.75, 1, 3, 7.85105, 22820, 100, 1232280, 119, 13324
16, 0.75, 1, 54, 4.33156, 1140, 100, 1108080, 5104, 34587
16, 0.75, 0, 3, 7.77503, 29021, 100, 1567134, 117, 17007
16, 0.75, 0, 81, 4.33652, 1212, 100, 1767096, 6875, 37016
16, 0.666667, 0, 3, 6.98264, 21291, 100, 1021968, 104, 19562
16, 0.5, 0, 54, 1.68506, 7194, 100, 4661712, 7767, 145631
16, 0.666667, 1, 3, 6.66267, 27462, 100, 1318176, 230, 42115
16, 0.75, 1, 27, 4.99796, 16854, 100, 8191044, 2297, 136683
16, 0.75, 1, 3, 7.91725, 28914, 100, 1561356, 103, 15872
16, 0.5, 0, 3, 4.71701, 23917, 100, 861012, 252, 62279
16, 0.833333, 0, 3, 9.08043, 30169, 100, 1810140, 132, 7957
16, 0.75, 0, 3, 7.83374, 33327, 100, 1799658, 112, 19056
16, 0.666667, 0, 3, 7.05117, 18748, 100, 899904, 106, 16573
16, 0.666667, 1, 27, 4.13698, 16364, 100, 7069248, 2373, 150182
11, 0.5, 0, 81, 1.16728, 1653, 100, 1606716, 16568, 59425
11, 0.833333, 0, 54, 5.77911, 7690, 100, 8305200, 2896, 76989
16, 0.666667, 0, 27, 4.03368, 16945, 100, 7320240, 2397, 161407
11, 0.75, 0, 81, 3.33652, 100, 100, 145800, 11374, 20000
16, 0.5, 0, 3, 4.78167, 19675, 100, 708300, 242, 51362
16, 0.666667, 1, 3, 6.72302, 31986, 100, 1535328, 237, 46889
11, 0.666667, 0, 81, 2.68962, 129, 100, 167184, 12067, 20872
16, 0.833333, 0, 3, 9.138, 33662, 100, 2019720, 139, 9278
11, 0.666667, 0, 27, 3.93316, 14962, 100, 6463584, 3503, 144262
16, 0.75, 1, 81, 4.33652, 2492, 100, 3633336, 7301, 53414
16, 0.5, 0, 3, 4.85296, 18113, 100, 652068, 192, 43867
16, 0.666667, 1, 54, 3.62212, 5524, 100, 4772736, 5868, 89126
11, 0.75, 0, 27, 5.02708, 16460, 100, 7999560, 2206, 122885
16, 0.666667, 1, 3, 6.77893, 32528, 100, 1561344, 237, 44784
16, 0.833333, 0, 3, 9.19251, 30954, 100, 1857240, 146, 8295
11, 0.666667, 0, 54, 3.53477, 8474, 100, 7321536, 6957, 124995
16, 0.5, 0, 3, 4.92726, 18547, 100, 667692, 155, 42290
16, 0.833333, 0, 27, 6.35157, 23100, 100, 12474000, 849, 124022
16, 0.5, 0, 27, 2.16971, 17635, 100, 5713740, 3695, 225787
16, 0.5, 0, 3, 5.00069, 19002, 100, 684072, 135, 42346
16, 0.666667, 1, 3, 6.83438, 44092, 100, 2116416, 211, 57262
11, 0.5, 0, 27, 1.93184, 16505, 100, 5347620, 5223, 224370
16, 0.75, 0, 27, 5.06473, 19319, 100, 9389034, 1970, 140870
11, 0.833333, 0, 27, 6.14634, 14968, 100, 8082720, 1444, 90942
16, 0.5, 0, 3, 5.07324, 19632, 100, 706752, 181, 43780
16, 0.833333, 0, 54, 5.89057, 13503, 100, 14583240, 2146, 121419
16, 0.75, 1, 27, 5.07498, 22434, 100, 10902924, 2106, 162577
16, 0.75, 0, 54, 4.67041, 8038, 100, 7812936, 4494, 95766
16, 0.666667, 1, 27, 4.21515, 22826, 100, 9860832, 2338, 189265
16, 0.666667, 1, 3, 6.882, 40222, 100, 1930656, 175, 50156
16, 0.5, 0, 3, 5.14461, 18046, 100, 649656, 127, 38210
11, 0.75, 0, 54, 4.60695, 11274, 100, 10958328, 4902, 129699
16, 0.666667, 0, 27, 4.1105, 23670, 100, 10225440, 2071, 205653
16, 0.5, 0, 3, 5.21905, 15719, 100, 565884, 124, 31869
16, 0.833333, 0, 27, 6.41737, 23188, 100, 12521520, 709, 115374
16, 0.666667, 1, 3, 6.93186, 37223, 100, 1786704, 166, 44515
11, 0.75, 0, 81, 4.33652, 2741, 100, 3996378, 7158, 57328
16, 0.666667, 1, 3, 6.9837, 41045, 100, 1970160, 166, 47377
11, 0.5, 0, 54, 1.47968, 6083, 100, 3941784, 10712, 128774
16, 0.75, 1, 54, 4.62774, 10271, 100, 9983412, 4602, 118483
16, 0.5, 0, 27, 2.24501, 25290, 100, 8193960, 3969, 302772
16, 0.5, 0, 54, 1.80296, 14237, 100, 9225576, 7758, 249562
11, 0.833333, 0, 27, 6.22808, 16036, 100, 8659440, 1244, 87803
16, 0.666667, 1, 3, 7.03306, 46755, 100, 2244240, 195, 51709
16, 0.833333, 0, 81, 5.77607, 18812, 100, 30475440, 3103, 171639
16, 0.75, 0, 27, 5.13667, 23232, 100, 11290752, 1892, 153938
11, 0.666667, 0, 27, 4.01491, 25494, 100, 11013408, 3484, 217599
16, 0.75, 1, 27, 5.14175, 32799, 100, 15940314, 1651, 218078
16, 0.666667, 0, 54, 3.70426, 21486, 100, 18563904, 5576, 250490
16, 0.666667, 1, 27, 4.28134, 31469, 100, 13594608, 2409, 244464
11, 0.833333, 0, 54, 5.89314, 22364, 100, 24153120, 2443, 164036
16, 0.833333, 0, 27, 6.48304, 28659, 100, 15475860, 565, 130516
16, 0.666667, 1, 3, 7.0793, 45744, 100, 2195712, 193, 48355
16, 0.75, 0, 81, 4.62377, 16339, 100, 23822262, 6095, 180539
11, 0.75, 0, 27, 5.10502, 30136, 100, 14646096, 2009, 197494
16, 0.666667, 0, 27, 4.1755, 34978, 100, 15110496, 2177, 283348
11, 0.5, 0, 27, 2.00967, 24150, 100, 7824600, 4765, 301357
16, 0.666667, 1, 54, 3.75667, 15622, 100, 13497408, 5758, 185918
16, 0.833333, 0, 54, 5.97663, 21245, 100, 22944600, 1786, 163401
16, 0.666667, 1, 81, 3.64308, 21772, 100, 28216512, 8079, 278355
16, 0.5, 0, 27, 2.3079, 33392, 100, 10819008, 3857, 375972
16, 0.833333, 0, 27, 6.54211, 35082, 100, 18944280, 486, 151477
11, 0.833333, 0, 27, 6.30705, 28845, 100, 15576300, 1023, 132807
11, 0.666667, 0, 54, 3.6434, 22542, 100, 19476288, 6553, 270784
16, 0.75, 1, 27, 5.19697, 45723, 100, 22221378, 1563, 284362
11, 0.75, 0, 54, 4.70113, 25567, 100, 24851124, 4406, 245026
16, 0.75, 0, 27, 5.20228, 35385, 100, 17197110, 1639, 213433
16, 0.666667, 1, 27, 4.33771, 47505, 100, 20522160, 1907, 343874
16, 0.75, 1, 81, 4.53685, 19849, 100, 28939842, 6882, 231776
16, 0.666667, 0, 27, 4.22897, 38233, 100, 16516656, 1763, 293679
16, 0.75, 0, 54, 4.78195, 24395, 100, 23711940, 4257, 222726
16, 0.5, 0, 81, 1.59721, 22648, 100, 22013856, 13822, 417645
16, 0.5, 0, 54, 1.88677, 22340, 100, 14476320, 5611, 354822
16, 0.833333, 0, 27, 6.5955, 39922, 100, 21557880, 490, 163672
11, 0.666667, 0, 27, 4.07754, 37591, 100, 16239312, 3156, 298476
16, 0.75, 1, 54, 4.72641, 23786, 100, 23119992, 4373, 226789
11, 0.75, 0, 27, 5.16263, 40848, 100, 19852128, 2010, 251782
11, 0.833333, 0, 54, 5.96001, 32903, 100, 35535240, 2336, 217076
16, 0.5, 0, 27, 2.36262, 40723, 100, 13194252, 3534, 441849
11, 0.833333, 0, 27, 6.36593, 32219, 100, 17398260, 1034, 141195
16, 0.833333, 0, 54, 6.04523, 30954, 100, 33430320, 1595, 212835
11, 0.5, 0, 27, 2.07402, 44976, 100, 14572224, 4709, 526129
16, 0.833333, 0, 27, 6.64554, 32924, 100, 17778960, 343, 130032
16, 0.666667, 1, 27, 4.38359, 45266, 100, 19554912, 1912, 316746
16, 0.75, 0, 27, 5.25544, 38671, 100, 18794106, 1442, 222245
16, 0.75, 1, 27, 5.24373, 60254, 100, 29283444, 1165, 353461
16, 0.666667, 0, 27, 4.28011, 62110, 100, 26831520, 1980, 455476
16, 0.666667, 0, 54, 3.77248, 37201, 100, 32141664, 4864, 397540
11, 0.5, 0, 54, 1.6079, 19077, 100, 12361896, 10051, 329987
11, 0.5, 0, 81, 1.41324, 17286, 100, 16801992, 15605, 360248
16, 0.833333, 0, 81, 5.84898, 39300, 100, 63666000, 2607, 310307
11, 0.833333, 0, 81, 5.81828, 41723, 100, 67591260, 3057, 331254
16, 0.833333, 0, 27, 6.70066, 35844, 100, 19355760, 337, 134588
16, 0.666667, 0, 81, 3.60249, 46475, 100, 60231600, 7704, 580450
11, 0.75, 0, 81, 4.52753, 18881, 100, 27528498, 6516, 224544
16, 0.666667, 1, 54, 3.83668, 35666, 100, 30815424, 5367, 371452
11, 0.833333, 0, 27, 6.42164, 40841, 100, 22054140, 822, 164303
16, 0.833333, 0, 27, 6.75348, 45573, 100, 24609420, 329, 163577
16, 0.75, 0, 27, 5.30629, 48196, 100, 23423256, 1297, 263054
16, 0.5, 0, 27, 2.41217, 45644, 100, 14788656, 2902, 478798
11, 0.666667, 0, 27, 4.12912, 45271, 100, 19557072, 2605, 340791
11, 0.75, 0, 27, 5.2121, 54588, 100, 26529768, 1653, 312798
16, 0.666667, 1, 27, 4.43059, 60819, 100, 26273808, 1749, 406429
11, 0.75, 0, 54, 4.76367, 41149, 100, 39996828, 4589, 362006
16, 0.833333, 0, 27, 6.80032, 41065, 100, 22175100, 318, 142636
16, 0.833333, 0, 54, 6.10207, 44156, 100, 47688480, 1644, 283939
16, 0.666667, 0, 27, 4.32024, 58918, 100, 25452576, 1880, 418027
16, 0.75, 0, 54, 4.84598, 42666, 100, 41471352, 3884, 350800
16, 0.75, 1, 27, 5.28447, 70419, 100, 34223634, 1406, 401854
16, 0.5, 0, 54, 1.95367, 31752, 100, 20575296, 4846, 475525
11, 0.5, 0, 27, 2.12118, 56112, 100, 18180288, 4636, 633195
16, 0.75, 0, 81, 4.702, 52947, 100, 77196726, 5724, 492672
16, 0.833333, 0, 27, 6.84967, 37327, 100, 20156580, 330, 125596
11, 0.833333, 0, 27, 6.47112, 46119, 100, 24904260, 692, 176137
11, 0.833333, 0, 54, 6.01514, 54274, 100, 58615920, 1978, 327581
16, 0.75, 0, 27, 5.35184, 59737, 100, 29032182, 1270, 311727
16, 0.5, 0, 27, 2.45898, 49100, 100, 15908400, 2999, 499548
16, 0.833333, 0, 27, 6.90143, 35740, 100, 19299600, 179, 114154
16, 0.666667, 1, 81, 3.71085, 42160, 100, 54639360, 6676, 488215
16, 0.666667, 1, 27, 4.47114, 79528, 100, 34356096, 1727, 510115
11, 0.75, 0, 27, 5.2549, 56067, 100, 27248562, 1444, 312446
11, 0.666667, 0, 54, 3.71001, 56654, 100, 48949056, 6642, 615109
16, 0.75, 1, 27, 5.32215, 83277, 100, 40472622, 1269, 458801
16, 0.833333, 0, 27, 6.95432, 46829, 100, 25287660, 145, 144137
11, 0.833333, 0, 27, 6.51769, 49787, 100, 26884980, 396, 180669
11, 0.666667, 0, 27, 4.17612, 63952, 100, 27627264, 2576, 459439
16, 0.75, 1, 54, 4.79125, 60028, 100, 58347216, 3797, 512500
16, 0.75, 0, 27, 5.39276, 68170, 100, 33130620, 790, 342821
16, 0.833333, 0, 54, 6.14966, 44892, 100, 48483360, 1210, 273485
16, 0.666667, 0, 27, 4.36144, 78290, 100, 33821280, 1668, 534021
16, 0.75, 1, 81, 4.60782, 47041, 100, 68585778, 6842, 482946
16, 0.833333, 0, 27, 7.00053, 47097, 100, 25432380, 146, 141542
16, 0.666667, 1, 54, 3.88963, 50126, 100, 43308864, 4798, 487778
16, 0.666667, 0, 54, 3.82432, 61235, 100, 52907040, 4509, 614322
16, 0.833333, 0, 27, 7.04661, 39152, 100, 21142080, 176, 114967
16, 0.5, 0, 81, 1.66366, 42364, 100, 41177808, 14275, 719911
16, 0.75, 0, 54, 4.89439, 54498, 100, 52972056, 3648, 422951
11, 0.5, 0, 27, 2.16339, 75324, 100, 24404976, 4437, 824266
11, 0.833333, 0, 54, 6.05807, 57513, 100, 62114040, 1516, 329544
11, 0.833333, 0, 81, 5.86723, 57124, 100, 92540880, 2847, 422939
16, 0.666667, 1, 27, 4.5066, 95754, 100, 41365728, 1744, 598252
16, 0.75, 1, 27, 5.35681, 74394, 100, 36155484, 1181, 402005
16, 0.833333, 0, 27, 7.09715, 42763, 100, 23092020, 298, 120752
16, 0.75, 0, 27, 5.43106, 71821, 100, 34905006, 646, 349599
11, 0.75, 0, 27, 5.29714, 60739, 100, 29519154, 1130, 324261
16, 0.5, 0, 27, 2.50411, 67359, 100, 21824316, 3342, 663078
11, 0.833333, 0, 27, 6.56251, 55471, 100, 29954340, 278, 193400
16, 0.833333, 0, 27, 7.14551, 32087, 100, 17326980, 196, 87435
16, 0.666667, 0, 27, 4.39718, 83106, 100, 35901792, 1448, 558487
16, 0.833333, 0, 81, 5.89943, 68993, 100, 111768660, 2667, 505354
16, 0.5, 0, 54, 2.00979, 41761, 100, 27061128, 5151, 597758
16, 0.833333, 0, 27, 7.20133, 43085, 100, 23265900, 145, 114008
16, 0.833333, 0, 54, 6.19686, 62392, 100, 67383360, 1653, 355644
11, 0.5, 0, 54, 1.6803, 40254, 100, 26084592, 9879, 637643
11, 0.666667, 0, 27, 4.21566, 75850, 100, 32767200, 2614, 526827
16, 0.833333, 0, 27, 7.24951, 40391, 100, 21811140, 200, 104472
16, 0.75, 0, 27, 5.46837, 77731, 100, 37777266, 696, 368196
16, 0.666667, 1, 27, 4.53892, 82515, 100, 35646480, 898, 502172
16, 0.833333, 0, 27, 7.29927, 31591, 100, 17059140, 113, 79326
16, 0.75, 1, 27, 5.39347, 90612, 100, 44037432, 845, 471740
16, 0.5, 0, 27, 2.54264, 65635, 100, 21265740, 2662, 633752
11, 0.833333, 0, 27, 6.60496, 50275, 100, 27148500, 297, 170195
11, 0.75, 0, 54, 4.81297, 78034, 100, 75849048, 4223, 640497
16, 0.833333, 0, 27, 7.35553, 38969, 100, 21043260, 170, 94109
11, 0.75, 0, 81, 4.60031, 43972, 100, 64111176, 6229, 458798
16, 0.666667, 0, 27, 4.43186, 91277, 100, 39431664, 1613, 595926
16, 0.75, 1, 54, 4.83206, 70200, 100, 68234400, 3691, 575143
16, 0.833333, 0, 27, 7.40619, 34678, 100, 18726120, 109, 81491
16, 0.666667, 1, 54, 3.93429, 64856, 100, 56035584, 4504, 603822
11, 0.833333, 0, 54, 6.09976, 66643, 100, 71974440, 1259, 365801
16, 0.75, 0, 27, 5.50424, 84549, 100, 41090814, 587, 387259
16, 0.833333, 0, 54, 6.23689, 53088, 100, 57335040, 1346, 296720
16, 0.833333, 0, 27, 7.45989, 37018, 100, 19989720, 131, 84565
16, 0.666667, 1, 81, 3.75956, 54968, 100, 71238528, 6770, 600860
16, 0.666667, 0, 81, 3.64888, 73312, 100, 95012352, 7706, 868065
11, 0.666667, 0, 54, 3.75202, 63495, 100, 54859680, 5861, 661999
16, 0.75, 0, 54, 4.93723, 80834, 100, 78570648, 3360, 596076
11, 0.75, 0, 27, 5.33771, 89649, 100, 43569414, 938, 461069
16, 0.666667, 1, 27, 4.57373, 98572, 100, 42583104, 954, 588180
16, 0.75, 0, 81, 4.74546, 86368, 100, 125924544, 5312, 755346
16, 0.75, 1, 27, 5.42669, 94343, 100, 45850698, 650, 479395
11, 0.833333, 0, 27, 6.64956, 52820, 100, 28522800, 157, 171693
11, 0.5, 0, 27, 2.19983, 101540, 100, 32898960, 4274, 1076222
16, 0.5, 0, 27, 2.58167, 86570, 100, 28048680, 2562, 813417
11, 0.5, 0, 81, 1.4893, 39956, 100, 38837232, 15769, 755511
16, 0.666667, 0, 54, 3.86474, 92541, 100, 79955424, 4218, 890868
16, 0.75, 0, 27, 5.53863, 82267, 100, 39981762, 400, 366862
16, 0.666667, 0, 27, 4.46496, 107012, 100, 46229184, 1149, 681266
16, 0.5, 0, 54, 2.05873, 46466, 100, 30109968, 4622, 643647
16, 0.833333, 0, 54, 6.2803, 66815, 100, 72160200, 1171, 355985
11, 0.833333, 0, 27, 6.69307, 50239, 100, 27129060, 182, 158205
16, 0.75, 0, 27, 5.5735, 72934, 100, 35445924, 270, 317912
11, 0.666667, 0, 27, 4.25197, 104657, 100, 45211824, 2148, 704274
16, 0.666667, 1, 27, 4.60558, 103685, 100, 44791920, 704, 602380
16, 0.833333, 0, 81, 5.9375, 81915, 100, 132702300, 1902, 574293
16, 0.75, 1, 27, 5.45925, 102251, 100, 49693986, 756, 510294
11, 0.833333, 0, 54, 6.1385, 71805, 100, 77549400, 823, 377276
16, 0.5, 0, 27, 2.61566, 85952, 100, 27848448, 2412, 789851
16, 0.75, 1, 81, 4.65393, 78660, 100, 114686280, 5959, 757291
16, 0.666667, 0, 27, 4.49553, 104421, 100, 45109872, 1082, 654877
11, 0.666667, 0, 81, 3.57007, 81905, 100, 106148880, 9565, 999177
16, 0.75, 0, 27, 5.61053, 78714, 100, 38255004, 611, 337732
11, 0.75, 0, 27, 5.37111, 92553, 100, 44980758, 747, 462986
11, 0.833333, 0, 27, 6.73769, 59006, 100, 31863240, 153, 180512
11, 0.833333, 0, 81, 5.90907, 97860, 100, 158533200, 2372, 683843
16, 0.75, 1, 54, 4.86981, 90128, 100, 87604416, 3617, 708834
16, 0.666667, 1, 27, 4.63664, 93083, 100, 40211856, 1158, 532605
16, 0.833333, 0, 54, 6.31898, 72402, 100, 78194160, 1395, 374509
16, 0.75, 1, 27, 5.49052, 98856, 100, 48044016, 453, 481251
16, 0.666667, 1, 54, 3.97356, 100138, 100, 86519232, 4155, 891658
16, 0.75, 0, 27, 5.64617, 80017, 100, 38888262, 222, 336008
16, 0.75, 0, 54, 4.9724, 107174, 100, 104173128, 2743, 758010
11, 0.75, 0, 54, 4.84876, 97396, 100, 94668912, 3898, 768845
11, 0.5, 0, 27, 2.23121, 111096, 100, 35995104, 4250, 1161028
16, 0.5, 0, 54, 2.10512, 56516, 100, 36622368, 5628, 756412
16, 0.666667, 0, 27, 4.52648, 110627, 100, 47790864, 1132, 677495
16, 0.5, 0, 27, 2.64977, 104984, 100, 34014816, 2377, 947087
11, 0.833333, 0, 27, 6.77886, 63689, 100, 34392060, 142, 189993
16, 0.5, 0, 81, 1.71225, 83070, 100, 80744040, 12178, 1336262
16, 0.666667, 0, 54, 3.89761, 95544, 100, 82550016, 4209, 894212
16, 0.75, 0, 27, 5.68152, 74732, 100, 36319752, 246, 306543
16, 0.666667, 1, 27, 4.66941, 92126, 100, 39798432, 780, 515438
16, 0.75, 1, 27, 5.52233, 121717, 100, 59154462, 342, 579365
11, 0.75, 0, 27, 5.40398, 85617, 100, 41609862, 759, 419068
16, 0.833333, 0, 54, 6.35615, 80269, 100, 86690520, 1045, 400780
16, 0.75, 0, 27, 5.7181, 78616, 100, 38207376, 232, 316288
11, 0.833333, 0, 54, 6.17582, 103614, 100, 111903120, 735, 525284
11, 0.833333, 0, 27, 6.81848, 58058, 100, 31351320, 102, 169009
16, 0.666667, 1, 81, 3.80221, 87219, 100, 113035824, 6316, 906229
16, 0.666667, 0, 27, 4.55654, 115358, 100, 49834656, 1036, 694276
16, 0.833333, 0, 81, 5.97244, 88279, 100, 143011980, 1769, 595842
11, 0.666667, 0, 27, 4.28288, 137035, 100, 59199120, 1854, 900830
16, 0.5, 0, 27, 2.68063, 104579, 100, 33883596, 2651, 927386
16, 0.666667, 1, 27, 4.70236, 113320, 100, 48954240, 809, 621318
16, 0.75, 0, 27, 5.75377, 61779, 100, 30024594, 255, 243063
11, 0.666667, 0, 54, 3.79171, 115694, 100, 99959616, 5626, 1150593
11, 0.5, 0, 54, 1.73014, 70643, 100, 45776664, 10099, 1066929
11, 0.833333, 0, 27, 6.85998, 45753, 100, 24706620, 126, 130492
16, 0.75, 1, 27, 5.55099, 120793, 100, 58705398, 421, 563913
16, 0.75, 0, 81, 4.77949, 118413, 100, 172646154, 5534, 994773
16, 0.75, 0, 27, 5.794, 77873, 100, 37846278, 122, 299808
16, 0.5, 0, 54, 2.14718, 67101, 100, 43481448, 6453, 870199
16, 0.833333, 0, 54, 6.39144, 87998, 100, 95037840, 1017, 425408
16, 0.75, 0, 54, 5.00295, 113586, 100, 110405592, 2548, 784354
16, 0.666667, 0, 27, 4.58599, 123641, 100, 53412912, 906, 733116
16, 0.666667, 1, 27, 4.73207, 102024, 100, 44074368, 565, 548440
11, 0.75, 0, 27, 5.43816, 96417, 100, 46858662, 486, 458947
16, 0.666667, 1, 54, 4.00516, 113622, 100, 98169408, 3484, 984102
11, 0.833333, 0, 27, 6.90673, 56397, 100, 30454380, 142, 156499
16, 0.75, 0, 27, 5.82983, 80037, 100, 38897982, 115, 302401
11, 0.5, 0, 27, 2.26121, 138178, 100, 44769672, 3916, 1414999
16, 0.5, 0, 27, 2.71156, 113666, 100, 36827784, 2772, 993891
16, 0.666667, 0, 81, 3.68581, 122031, 100, 158152176, 7157, 1385939
16, 0.75, 1, 27, 5.57976, 107826, 100, 52403436, 366, 495003
16, 0.75, 1, 54, 4.90311, 141440, 100, 137479680, 2769, 1071993
11, 0.666667, 0, 27, 4.3099, 119529, 100, 51636528, 1754, 773948
11, 0.833333, 0, 81, 5.94104, 101170, 100, 163895400, 1867, 680225
11, 0.833333, 0, 27, 6.94884, 48284, 100, 26073360, 156, 130696
11, 0.833333, 0, 54, 6.20689, 105482, 100, 113920560, 719, 520952
16, 0.75, 0, 27, 5.86518, 95314, 100, 46322604, 127, 353252
11, 0.75, 0, 54, 4.88081, 120326, 100, 116956872, 2998, 918206
16, 0.666667, 1, 27, 4.76337, 129578, 100, 55977696, 688, 682580
16, 0.666667, 0, 27, 4.61443, 129842, 100, 56091744, 734, 756677
16, 0.833333, 0, 54, 6.42515, 98767, 100, 106668360, 571, 464779
16, 0.75, 1, 27, 5.61021, 104891, 100, 50977026, 318, 473224
11, 0.833333, 0, 27, 6.99435, 42050, 100, 22707000, 119, 110601
16, 0.75, 0, 27, 5.89757, 71074, 100, 34541964, 335, 260646
16, 0.5, 0, 54, 2.18579, 64019, 100, 41484312, 4313, 812401
11, 0.5, 0, 81, 1.53933, 73783, 100, 71717076, 14325, 1321678
16, 0.666667, 0, 54, 3.92996, 152268, 100, 131559552, 3226, 1382689
16, 0.5, 0, 27, 2.74122, 126510, 100, 40989240, 1995, 1088224
16, 0.833333, 0, 81, 6.00609, 103040, 100, 166924800, 1948, 672185
11, 0.75, 0, 27, 5.47036, 107289, 100, 52142454, 348, 501009
16, 0.75, 0, 27, 5.93508, 75900, 100, 36887400, 119, 271977
11, 0.833333, 0, 27, 7.04312, 46020, 100, 24850800, 102, 118336
16, 0.666667, 1, 27, 4.79115, 107587, 100, 46477584, 690, 557599
11, 0.75, 0, 81, 4.64799, 94249, 100, 137415042, 5538, 916123
16, 0.75, 1, 27, 5.64109, 94130, 100, 45747180, 253, 417432
16, 0.75, 1, 81, 4.68959, 130428, 100, 190164024, 5335, 1203663
16, 0.666667, 0, 27, 4.64218, 130624, 100, 56429568, 733, 748002
16, 0.75, 0, 27, 5.97138, 61209, 100, 29747574, 107, 214878
16, 0.666667, 1, 81, 3.83607, 91668, 100, 118801728, 4878, 922253
11, 0.833333, 0, 27, 7.08973, 46092, 100, 24889680, 101, 115375
11, 0.833333, 0, 54, 6.23768, 87475, 100, 94473000, 475, 421843
16, 0.833333, 0, 54, 6.45697, 97737, 100, 105555960, 775, 449888
11, 0.5, 0, 27, 2.28811, 134201, 100, 43481124, 3947, 1354684
11, 0.666667, 0, 27, 4.33882, 162900, 100, 70372800, 1663, 1029768
16, 0.75, 0, 27, 6.0118, 74406, 100, 36161316, 103, 255741
16, 0.75, 1, 27, 5.67369, 96637, 100, 46965582, 227, 419811
11, 0.666667, 0, 54, 3.82111, 107666, 100, 93023424, 5891, 1051409
16, 0.75, 0, 54, 5.03262, 160264, 100, 155776608, 1997, 1074336
11, 0.833333, 0, 27, 7.13631, 48046, 100, 25944840, 100, 117501
16, 0.5, 0, 27, 2.76933, 115862, 100, 37539288, 2754, 984092
11, 0.75, 0, 27, 5.50089, 97687, 100, 47475882, 443, 447376
16, 0.666667, 1, 27, 4.82164, 115575, 100, 49928400, 551, 591054
16, 0.666667, 1, 54, 4.03483, 137272, 100, 118603008, 3226, 1158357
16, 0.5, 0, 81, 1.74694, 105247, 100, 102300084, 13598, 1643565
16, 0.5, 0, 54, 2.22531, 75214, 100, 48738672, 4209, 933618
16, 0.833333, 0, 54, 6.48896, 77959, 100, 84195720, 901, 353494
16, 0.666667, 0, 27, 4.66985, 124003, 100, 53569296, 697, 701062
11, 0.833333, 0, 27, 7.18193, 50563, 100, 27304020, 102, 120783
16, 0.75, 1, 27, 5.70585, 127881, 100, 62150166, 108, 545101
16, 0.75, 1, 54, 4.9297, 151052, 100, 146822544, 3294, 1121252
11, 0.833333, 0, 81, 5.97248, 105864, 100, 171499680, 1682, 687128
11, 0.833333, 0, 54, 6.27149, 89425, 100, 96579000, 386, 419647
11, 0.833333, 0, 27, 7.2264, 47039, 100, 25401060, 123, 109992
16, 0.666667, 1, 27, 4.85106, 127508, 100, 55083456, 504, 641028
11, 0.666667, 0, 27, 4.3636, 139494, 100, 60261408, 1664, 872750
16, 0.75, 0, 81, 4.80855, 140898, 100, 205429284, 3962, 1146579
11, 0.75, 0, 27, 5.53289, 91617, 100, 44525862, 387, 412157
16, 0.666667, 0, 27, 4.69824, 118687, 100, 51272784, 589, 660044
16, 0.75, 1, 27, 5.73382, 104374, 100, 50725764, 229, 439786
11, 0.833333, 0, 27, 7.27251, 55339, 100, 29883060, 105, 126331
16, 0.5, 0, 27, 2.79871, 166478, 100, 53938872, 2114, 1389161
16, 0.833333, 0, 81, 6.03725, 124697, 100, 202009140, 1092, 787586
16, 0.833333, 0, 54, 6.52477, 99779, 100, 107761320, 768, 435821
16, 0.666667, 1, 27, 4.87906, 94352, 100, 40760064, 236, 465528
11, 0.75, 0, 54, 4.90963, 162027, 100, 157490244, 3114, 1204312
11, 0.5, 0, 27, 2.31541, 177351, 100, 57461724, 4238, 1761614
16, 0.75, 1, 27, 5.76477, 100890, 100, 49032540, 159, 417288
11, 0.5, 0, 54, 1.76777, 101171, 100, 65558808, 9177, 1479157
16, 0.666667, 0, 27, 4.72727, 140566, 100, 60724512, 510, 768608
11, 0.833333, 0, 54, 6.30493, 97538, 100, 105341040, 499, 447108
16, 0.666667, 1, 27, 4.91162, 120264, 100, 51954048, 451, 583876
11, 0.75, 0, 27, 5.56592, 101007, 100, 49089402, 211, 445326
16, 0.833333, 0, 54, 6.55643, 87129, 100, 94099320, 658, 374637
16, 0.5, 0, 54, 2.26177, 91003, 100, 58969944, 5519, 1105321
11, 0.666667, 0, 81, 3.60501, 106085, 100, 137486160, 9216, 1252432
16, 0.666667, 0, 54, 3.95559, 195504, 100, 168915456, 2566, 1733968
16, 0.75, 0, 54, 5.0576, 168216, 100, 163505952, 1882, 1105163
16, 0.75, 1, 27, 5.79625, 109218, 100, 53079948, 157, 444469
11, 0.666667, 0, 27, 4.39037, 173274, 100, 74854368, 1245, 1061340
16, 0.5, 0, 27, 2.82322, 162734, 100, 52725816, 2205, 1340458
16, 0.666667, 1, 81, 3.8691, 115574, 100, 149783904, 4031, 1130761
16, 0.666667, 1, 27, 4.94045, 106614, 100, 46057248, 318, 510189
16, 0.666667, 1, 54, 4.06182, 164037, 100, 141727968, 2789, 1350969
16, 0.666667, 0, 27, 4.75394, 149891, 100, 64752912, 338, 807058
16, 0.75, 1, 27, 5.82651, 93205, 100, 45297630, 294, 372934
11, 0.75, 0, 27, 5.59739, 88215, 100, 42872490, 399, 381871
16, 0.833333, 0, 54, 6.59031, 95089, 100, 102696120, 723, 398483
16, 0.666667, 0, 81, 3.71443, 179071, 100, 232076016, 6549, 1972090
16, 0.666667, 1, 27, 4.97108, 121134, 100, 52329888, 152, 570332
16, 0.75, 1, 27, 5.85927, 82796, 100, 40238856, 125, 325710
16, 0.75, 1, 81, 4.71728, 147808, 100, 215504064, 5419, 1331766
16, 0.833333, 0, 81, 6.06557, 121968, 100, 197588160, 990, 748695
16, 0.5, 0, 27, 2.84801, 156859, 100, 50822316, 2401, 1281430
11, 0.833333, 0, 54, 6.33695, 108789, 100, 117492120, 268, 485859
16, 0.666667, 0, 27, 4.77977, 156791, 100, 67733712, 275, 833219
16, 0.833333, 0, 54, 6.62274, 93426, 100, 100900080, 621, 381125
16, 0.666667, 1, 27, 4.99981, 121747, 100, 52594704, 523, 565945
16, 0.5, 0, 54, 2.29492, 92327, 100, 59827896, 7554, 1098457
11, 0.75, 0, 27, 5.63106, 94325, 100, 45841950, 246, 400574
11, 0.666667, 0, 27, 4.41439, 174123, 100, 75221136, 1503, 1053142
11, 0.833333, 0, 81, 6.00321, 156081, 100, 252851220, 1449, 981325
16, 0.75, 0, 81, 4.83519, 145053, 100, 211487274, 3477, 1153128
11, 0.75, 0, 81, 4.68057, 100826, 100, 147004308, 5409, 949088
16, 0.75, 1, 54, 4.95543, 208441, 100, 202604652, 2422, 1505939
16, 0.666667, 0, 27, 4.80503, 123311, 100, 53270352, 450, 647583
16, 0.5, 0, 27, 2.87326, 149508, 100, 48440592, 1697, 1202373
11, 0.5, 0, 27, 2.33916, 227211, 100, 73616364, 3378, 2222391
11, 0.75, 0, 54, 4.93448, 164619, 100, 160009668, 2816, 1197864
11, 0.5, 0, 81, 1.57614, 108246, 100, 105215112, 13770, 1872891
16, 0.833333, 0, 54, 6.65546, 100144, 100, 108155520, 169, 400488
11, 0.75, 0, 27, 5.66362, 91573, 100, 44504478, 220, 382511
11, 0.833333, 0, 54, 6.36726, 115444, 100, 124679520, 215, 504343
16, 0.666667, 0, 27, 4.8335, 147531, 100, 63733392, 420, 763332
16, 0.75, 0, 54, 5.08198, 183295, 100, 178162740, 1987, 1178980
16, 0.666667, 0, 54, 3.9782, 190559, 100, 164642976, 2547, 1662231
11, 0.666667, 0, 54, 3.85158, 212734, 100, 183802176, 4635, 2007013
11, 0.5, 0, 54, 1.79921, 116724, 100, 75637152, 8595, 1665696
16, 0.666667, 1, 54, 4.08651, 186574, 100, 161199936, 3029, 1509386
16, 0.5, 0, 27, 2.89912, 148948, 100, 48259152, 3278, 1186453
16, 0.833333, 0, 54, 6.68706, 106748, 100, 115287840, 807, 418078
11, 0.666667, 0, 27, 4.43836, 188274, 100, 81334368, 947, 1123162
11, 0.75, 0, 27, 5.69666, 90620, 100, 44041320, 440, 371670
16, 0.666667, 0, 27, 4.85954, 135410, 100, 58497120, 321, 691712
16, 0.5, 0, 54, 2.32783, 105411, 100, 68306328, 3993, 1232165
16, 0.833333, 0, 81, 6.0942, 140260, 100, 227221200, 1172, 842066
16, 0.5, 0, 81, 1.77777, 140504, 100, 136569888, 10644, 2137445
11, 0.833333, 0, 54, 6.3967, 105092, 100, 113499360, 152, 451219
16, 0.666667, 1, 81, 3.89851, 148742, 100, 192769632, 4228, 1415039
16, 0.833333, 0, 54, 6.71766, 107892, 100, 116523360, 374, 414943
11, 0.75, 0, 27, 5.72988, 93846, 100, 45609156, 140, 376967
16, 0.5, 0, 27, 2.92503, 176275, 100, 57113100, 1519, 1384920
16, 0.75, 1, 54, 4.97734, 168460, 100, 163743120, 2394, 1199259
11, 0.666667, 0, 27, 4.46141, 163243, 100, 70520976, 683, 960263
11, 0.833333, 0, 81, 6.02853, 145118, 100, 235091160, 1095, 892833
16, 0.833333, 0, 54, 6.74811, 93345, 100, 100812600, 413, 352329
11, 0.75, 0, 27, 5.76253, 85473, 100, 41539878, 144, 338770
11, 0.5, 0, 27, 2.36014, 242038, 100, 78420312, 3391, 2340705
11, 0.833333, 0, 54, 6.42754, 116495, 100, 125814600, 194, 488392
16, 0.75, 0, 54, 5.10534, 183493, 100, 178355196, 1474, 1159211
16, 0.5, 0, 54, 2.35863, 108154, 100, 70083792, 5305, 1241120
11, 0.75, 0, 27, 5.79673, 84598, 100, 41114628, 102, 328582
16, 0.5, 0, 27, 2.94885, 175700, 100, 56926800, 1819, 1365675
16, 0.833333, 0, 54, 6.78084, 108535, 100, 117217800, 380, 402205
11, 0.75, 0, 54, 4.95912, 204218, 100, 198499896, 2400, 1456175
16, 0.833333, 0, 81, 6.1209, 151878, 100, 246042360, 478, 886632
16, 0.75, 0, 81, 4.86144, 199470, 100, 290827260, 3634, 1543301
11, 0.75, 0, 27, 5.83111, 78823, 100, 38307978, 119, 300482
16, 0.666667, 1, 54, 4.10966, 217100, 100, 187574400, 2546, 1722159
16, 0.833333, 0, 54, 6.81119, 89159, 100, 96291720, 126, 323631
11, 0.833333, 0, 54, 6.45684, 117881, 100, 127311480, 392, 486852
16, 0.75, 1, 81, 4.74329, 200251, 100, 291965958, 4559, 1752169
11, 0.666667, 0, 27, 4.48616, 190755, 100, 82406160, 522, 1105604
16, 0.5, 0, 27, 2.9727, 175903, 100, 56992572, 1789, 1355770
16, 0.666667, 0, 81, 3.73807, 225083, 100, 291707568, 6093, 2430846
16, 0.833333, 0, 54, 6.84468, 94425, 100, 101979000, 235, 337493
11, 0.75, 0, 27, 5.86673, 89022, 100, 43264692, 110, 333801
16, 0.5, 0, 54, 2.38904, 107243, 100, 69493464, 5587, 1215370
11, 0.666667, 0, 54, 3.87326, 180849, 100, 156253536, 4950, 1683020
16, 0.666667, 0, 54, 4.00111, 266356, 100, 230131584, 2569, 2287513
16, 0.666667, 1, 81, 3.92444, 140131, 100, 181609776, 3378, 1306882
11, 0.833333, 0, 81, 6.05478, 161995, 100, 262431900, 1142, 973523
16, 0.5, 0, 27, 2.99655, 184918, 100, 59913432, 1256, 1409294
11, 0.833333, 0, 54, 6.48597, 114965, 100, 124162200, 114, 464004
11, 0.75, 0, 27, 5.90025, 105292, 100, 51171912, 109, 388528
16, 0.833333, 0, 81, 6.14656, 133669, 100, 216543780, 465, 766568
16, 0.75, 1, 54, 5.0017, 238497, 100, 231819084, 2005, 1664038
11, 0.666667, 0, 81, 3.63571, 149853, 100, 194209488, 8787, 1712611
16, 0.75, 0, 54, 5.12868, 228076, 100, 221689872, 1161, 1414300
11, 0.5, 0, 81, 1.60654, 125625, 100, 122107500, 13951, 2122217
11, 0.5, 0, 27, 2.38046, 248364, 100, 80469936, 2987, 2374544
11, 0.666667, 0, 27, 4.50905, 206744, 100, 89313408, 464, 1181173
16, 0.5, 0, 54, 2.41958, 109616, 100, 71031168, 6086, 1222677
11, 0.833333, 0, 54, 6.51546, 93740, 100, 101239200, 112, 372099
11, 0.5, 0, 54, 1.82848, 179714, 100, 116454672, 9021, 2508519
11, 0.75, 0, 54, 4.98125, 213558, 100, 207578376, 2095, 1496111
11, 0.75, 0, 81, 4.71206, 178032, 100, 259570656, 5184, 1618849
11, 0.833333, 0, 54, 6.54812, 95775, 100, 103437000, 104, 371962
16, 0.833333, 0, 81, 6.17391, 143947, 100, 233194140, 407, 807222
16, 0.75, 0, 81, 4.88383, 205026, 100, 298927908, 2526, 1554134
16, 0.666667, 1, 54, 4.13112, 282332, 100, 243934848, 2089, 2207673
11, 0.666667, 0, 27, 4.53104, 200781, 100, 86737392, 834, 1135023
16, 0.75, 0, 54, 5.14962, 205472, 100, 199718784, 662, 1255344
11, 0.833333, 0, 81, 6.07962, 158736, 100, 257152320, 776, 933672
16, 0.666667, 0, 54, 4.02049, 241966, 100, 209058624, 3046, 2051616
16, 0.5, 0, 54, 2.44978, 123199, 100, 79832952, 5906, 1350136
11, 0.833333, 0, 54, 6.58044, 94701, 100, 102277080, 148, 362172
16, 0.75, 1, 54, 5.02218, 244007, 100, 237174804, 1518, 1673626
16, 0.666667, 1, 81, 3.95115, 151954, 100, 196932384, 3634, 1387800
11, 0.833333, 0, 54, 6.61293, 90281, 100, 97503480, 101, 338576
16, 0.75, 1, 81, 4.76563, 198638, 100, 289614204, 4341, 1706238
11, 0.5, 0, 27, 2.40053, 286599, 100, 92858076, 3267, 2711121
16, 0.5, 0, 81, 1.80445, 217818, 100, 211719096, 10843, 3245185
16, 0.833333, 0, 81, 6.20027, 149176, 100, 241665120, 380, 820460
11, 0.666667, 0, 27, 4.55336, 219013, 100, 94613616, 494, 1225153
16, 0.75, 0, 54, 5.17168, 195261, 100, 189793692, 872, 1175509
16, 0.666667, 0, 81, 3.75914, 241069, 100, 312425424, 5925, 2557448
11, 0.833333, 0, 54, 6.64621, 79768, 100, 86149440, 103, 292994
16, 0.5, 0, 54, 2.47827, 115668, 100, 74952864, 5436, 1252666
11, 0.833333, 0, 54, 6.68162, 69876, 100, 75466080, 113, 251838
16, 0.666667, 1, 54, 4.14994, 222713, 100, 192424032, 2778, 1721685
11, 0.666667, 0, 54, 3.89678, 251903, 100, 217644192, 4701, 2298461
11, 0.5, 0, 54, 1.85206, 166415, 100, 107836920, 8124, 2290356
11, 0.75, 0, 54, 5.00289, 280462, 100, 272609064, 1712, 1931264
11, 0.833333, 0, 54, 6.71945, 77787, 100, 84009960, 311, 274376
11, 0.666667, 0, 27, 4.57473, 225651, 100, 97481232, 377, 1244066
16, 0.75, 0, 54, 5.19431, 184250, 100, 179091000, 649, 1090635
16, 0.75, 1, 54, 5.04242, 272659, 100, 265024548, 1794, 1845082
16, 0.833333, 0, 81, 6.22616, 183616, 100, 297457920, 397, 989848
11, 0.5, 0, 27, 2.41921, 304997, 100, 98819028, 2966, 2861806
11, 0.833333, 0, 81, 6.10472, 215546, 100, 349184520, 1425, 1240921
16, 0.75, 0, 81, 4.90592, 254351, 100, 370843758, 2067, 1894493
11, 0.833333, 0, 54, 6.7553, 83462, 100, 90138960, 103, 288514
16, 0.5, 0, 54, 2.50767, 155457, 100, 100736136, 5061, 1652606
16, 0.666667, 0, 54, 4.04082, 312103, 100, 269656992, 2286, 2607824
16, 0.666667, 1, 81, 3.97681, 182940, 100, 237090240, 4049, 1638400
11, 0.75, 0, 81, 4.73576, 197746, 100, 288313668, 5249, 1755634
11, 0.666667, 0, 27, 4.59578, 231680, 100, 100085760, 494, 1263667
16, 0.5, 0, 81, 1.82587, 195654, 100, 190175688, 11355, 2871665
16, 0.75, 0, 54, 5.21761, 208024, 100, 202199328, 753, 1214565
16, 0.833333, 0, 81, 6.2495, 135183, 100, 218996460, 632, 716754
16, 0.75, 1, 81, 4.78807, 256636, 100, 374175288, 2887, 2153673
16, 0.5, 0, 54, 2.53304, 132441, 100, 85821768, 3426, 1394190
16, 0.666667, 1, 54, 4.17113, 318414, 100, 275109696, 2623, 2420969
16, 0.75, 1, 54, 5.06157, 236546, 100, 229922712, 1067, 1576809
16, 0.666667, 0, 54, 4.05872, 226289, 100, 195513696, 1965, 1867898
11, 0.75, 0, 54, 5.02177, 248931, 100, 241960932, 1165, 1689579
11, 0.833333, 0, 81, 6.12626, 177949, 100, 288277380, 430, 1007427
11, 0.666667, 0, 27, 4.61656, 214911, 100, 92841552, 587, 1164553
16, 0.75, 0, 54, 5.23953, 199993, 100, 194393196, 355, 1149811
11, 0.666667, 0, 81, 3.66155, 255694, 100, 331379424, 8187, 2847758
16, 0.833333, 0, 81, 6.2767, 164218, 100, 266033160, 427, 854937
11, 0.5, 0, 27, 2.43732, 339036, 100, 109847664, 3163, 3147905
11, 0.666667, 0, 54, 3.9167, 292584, 100, 252792576, 4021, 2627644
11, 0.5, 0, 81, 1.63475, 208382, 100, 202547304, 13058, 3431993
16, 0.666667, 0, 81, 3.77951, 326528, 100, 423180288, 4945, 3401196
16, 0.666667, 1, 81, 4.00019, 195829, 100, 253794384, 4288, 1724218
16, 0.5, 0, 54, 2.56052, 183490, 100, 118901520, 3916, 1904429
11, 0.666667, 0, 27, 4.63813, 187919, 100, 81181008, 215, 1003910
16, 0.75, 0, 81, 4.92575, 282336, 100, 411645888, 2289, 2067197
16, 0.75, 0, 54, 5.26189, 188820, 100, 183533040, 567, 1071280
11, 0.5, 0, 54, 1.87658, 254835, 100, 165133080, 7446, 3440207
16, 0.666667, 1, 54, 4.18885, 292498, 100, 252718272, 1761, 2198021
16, 0.833333, 0, 81, 6.30137, 146922, 100, 238013640, 412, 751193
16, 0.75, 1, 54, 5.08213, 259100, 100, 251845200, 593, 1701010
16, 0.666667, 0, 54, 4.07974, 277004, 100, 239331456, 2264, 2256000
16, 0.5, 0, 54, 2.58386, 149862, 100, 97110576, 3856, 1538879
11, 0.666667, 0, 27, 4.6612, 216134, 100, 93369888, 414, 1142047
11, 0.833333, 0, 81, 6.14997, 217732, 100, 352725840, 504, 1208407
11, 0.75, 0, 54, 5.04182, 281775, 100, 273885300, 1256, 1885894
16, 0.75, 0, 54, 5.28491, 197382, 100, 191855304, 643, 1104686
16, 0.833333, 0, 81, 6.32746, 145453, 100, 235633860, 171, 729734
11, 0.5, 0, 27, 2.45449, 358674, 100, 116210376, 2862, 3302997
16, 0.666667, 1, 81, 4.02279, 188155, 100, 243848880, 3024, 1631502
11, 0.666667, 0, 27, 4.68271, 250966, 100, 108417312, 143, 1310611
11, 0.75, 0, 81, 4.75825, 248227, 100, 361914966, 4477, 2154898
16, 0.5, 0, 54, 2.60969, 165730, 100, 107393040, 3030, 1678668
16, 0.75, 0, 54, 5.30742, 191798, 100, 186427656, 407, 1057015
16, 0.75, 1, 54, 5.10178, 251198, 100, 244164456, 963, 1627133
16, 0.75, 1, 81, 4.80781, 345395, 100, 503585910, 2770, 2854839
16, 0.666667, 1, 54, 4.20734, 315265, 100, 272388960, 2149, 2341313
16, 0.833333, 0, 81, 6.35368, 159852, 100, 258960240, 228, 787693
16, 0.75, 0, 81, 4.94457, 284197, 100, 414359226, 1005, 2048164
11, 0.666667, 0, 54, 3.93519, 342609, 100, 296014176, 3355, 3034376
11, 0.833333, 0, 81, 6.1714, 214445, 100, 347400900, 663, 1170981
16, 0.666667, 0, 54, 4.09874, 349160, 100, 301674240, 1540, 2805547
16, 0.75, 0, 54, 5.33025, 205752, 100, 199990944, 260, 1117041
11, 0.75, 0, 54, 5.06066, 269640, 100, 262090080, 1031, 1780620
11, 0.5, 0, 54, 1.89639, 239495, 100, 155192760, 7898, 3192451
16, 0.5, 0, 81, 1.84848, 305862, 100, 297297864, 10526, 4409295
16, 0.5, 0, 54, 2.63426, 206921, 100, 134084808, 5031, 2070184
11, 0.5, 0, 81, 1.65666, 208509, 100, 202670748, 11215, 3380096
16, 0.833333, 0, 81, 6.37869, 172441, 100, 279354420, 178, 836800
16, 0.666667, 1, 81, 4.04584, 203947, 100, 264315312, 2258, 1738211
16, 0.666667, 0, 81, 3.79701, 373046, 100, 483467616, 5381, 3830363
16, 0.75, 1, 54, 5.12173, 257975, 100, 250751700, 688, 1649265
11, 0.5, 0, 27, 2.47119, 400000, 94, 129600000, 2744, 3655727
16, 0.75, 0, 54, 5.3523, 219483, 100, 213337476, 270, 1176778
16, 0.666667, 1, 54, 4.22515, 268219, 100, 231741216, 1587, 1968258
11, 0.833333, 0, 81, 6.19299, 206610, 100, 334708200, 321, 1111677
16, 0.833333, 0, 81, 6.40277, 189902, 100, 307641240, 335, 905730
16, 0.5, 0, 54, 2.65624, 226196, 100, 146575008, 3841, 2235236
11, 0.75, 0, 54, 5.07991, 264756, 100, 257342832, 827, 1724086
16, 0.666667, 0, 54, 4.11566, 352236, 100, 304331904, 1360, 2798416
16, 0.75, 0, 81, 4.96332, 307626, 100, 448518708, 1243, 2188199
16, 0.75, 0, 54, 5.37364, 222200, 100, 215978400, 109, 1176526
16, 0.833333, 0, 81, 6.42572, 146098, 100, 236678760, 220, 686700
16, 0.75, 1, 81, 4.82482, 291420, 100, 424890360, 2609, 2374626
11, 0.666667, 0, 54, 3.95228, 340556, 100, 294240384, 4394, 2983816
16, 0.666667, 1, 81, 4.06798, 205007, 100, 265689072, 3727, 1723204
11, 0.833333, 0, 81, 6.21499, 189368, 100, 306776160, 374, 1001652
11, 0.666667, 0, 81, 3.68132, 333467, 100, 432173232, 7928, 3649933
16, 0.666667, 1, 54, 4.24446, 287635, 100, 248516640, 1249, 2084155
16, 0.75, 1, 54, 5.14142, 324959, 100, 315860148, 806, 2052110
11, 0.5, 0, 27, 2.487, 335460, 100, 108689040, 2262, 3042363
16, 0.75, 0, 54, 5.39485, 190305, 100, 184976460, 177, 994870
16, 0.5, 0, 54, 2.67727, 191123, 100, 123847704, 3112, 1872340
11, 0.75, 0, 81, 4.77832, 276454, 100, 403069932, 4064, 2360246
11, 0.75, 0, 54, 5.09935, 254428, 100, 247304016, 1091, 1638319
16, 0.833333, 0, 81, 6.45188, 162041, 100, 262506420, 122, 748958
11, 0.5, 0, 54, 1.91682, 335985, 100, 217718280, 7630, 4421232
16, 0.75, 0, 54, 5.41778, 204850, 100, 199114200, 435, 1059639
16, 0.5, 0, 54, 2.70014, 161133, 100, 104414184, 4155, 1566450
11, 0.833333, 0, 81, 6.23797, 249728, 100, 404559360, 298, 1297951
16, 0.75, 0, 81, 4.98135, 273431, 100, 398662398, 1878, 1919294
16, 0.666667, 0, 54, 4.13251, 392284, 100, 338933376, 999, 3084003
16, 0.666667, 1, 54, 4.26311, 273587, 100, 236379168, 1351, 1961529
16, 0.833333, 0, 81, 6.47673, 167306, 100, 271035720, 102, 760279
16, 0.75, 1, 54, 5.15896, 289066, 100, 280972152, 529, 1801962
16, 0.666667, 1, 81, 4.09007, 200843, 100, 260292528, 3963, 1663026
16, 0.75, 0, 54, 5.43987, 192647, 100, 187252884, 302, 982213
16, 0.666667, 0, 81, 3.81338, 400000, 96, 518400000, 3834, 4048623
16, 0.833333, 0, 81, 6.50117, 146274, 100, 236963880, 111, 656204
11, 0.5, 0, 27, 2.50426, 400000, 96, 129600000, 2087, 3597268
11, 0.75, 0, 54, 5.11917, 321399, 100, 312399828, 662, 2039850
16, 0.5, 0, 81, 1.86656, 322255, 100, 313231860, 10908, 4589066
11, 0.833333, 0, 81, 6.25798, 195333, 100, 316439460, 288, 1002260
11, 0.666667, 0, 54, 3.96941, 400000, 93, 345600000, 3634, 3464563
16, 0.75, 1, 54, 5.17756, 229156, 100, 222739632, 819, 1415206
16, 0.75, 1, 81, 4.84335, 339314, 100, 494719812, 2086, 2722982
16, 0.666667, 1, 54, 4.28223, 302930, 100, 261731520, 1786, 2145971
16, 0.833333, 0, 81, 6.52732, 140238, 100, 227185560, 111, 618259
11, 0.5, 0, 81, 1.67856, 328487, 100, 319289364, 12093, 5238185
16, 0.666667, 1, 81, 4.11238, 199197, 100, 258159312, 1966, 1625774
16, 0.666667, 0, 54, 4.14848, 400000, 98, 345600000, 1564, 3118525
11, 0.833333, 0, 81, 6.28061, 178334, 100, 288901080, 176, 900015
11, 0.75, 0, 54, 5.13681, 253582, 100, 246481704, 551, 1590805
16, 0.75, 1, 54, 5.19845, 264028, 100, 256635216, 413, 1607666
11, 0.5, 0, 27, 2.52008, 400000, 78, 129600000, 2007, 3569350
16, 0.75, 0, 81, 5.00048, 376722, 100, 549260676, 712, 2602906
11, 0.5, 0, 54, 1.93407, 330657, 100, 214265736, 7369, 4309431
16, 0.666667, 1, 54, 4.3004, 339344, 100, 293193216, 1410, 2377003
11, 0.666667, 0, 81, 3.69864, 299450, 100, 388087200, 7413, 3233736
11, 0.75, 0, 81, 4.79734, 347394, 100, 506500452, 2735, 2911931
16, 0.666667, 1, 81, 4.13479, 193902, 100, 251296992, 1972, 1558732
11, 0.833333, 0, 81, 6.30429, 191604, 100, 310398480, 149, 952428
16, 0.75, 1, 54, 5.21791, 299923, 100, 291525156, 397, 1806237
11, 0.75, 0, 54, 5.15667, 297549, 100, 289217628, 347, 1841505
16, 0.666667, 0, 54, 4.16429, 394639, 100, 340968096, 835, 3043966
11, 0.666667, 0, 54, 3.98522, 400000, 75, 345600000, 2075, 3419904
16, 0.666667, 0, 81, 3.8292, 400000, 80, 518400000, 2485, 4001036
11, 0.5, 0, 27, 2.53589, 400000, 77, 129600000, 1580, 3543306
16, 0.666667, 1, 54, 4.31756, 324722, 100, 280559808, 532, 2250295
11, 0.833333, 0, 81, 6.32713, 206471, 100, 334483020, 253, 1010821
16, 0.666667, 1, 81, 4.1575, 202094, 100, 261913824, 2102, 1604490
16, 0.75, 1, 81, 4.86052, 400000, 84, 583200000, 2381, 3166918
16, 0.75, 0, 81, 5.01677, 360214, 100, 525192012, 804, 2460856
16, 0.75, 1, 54, 5.23617, 300770, 100, 292348440, 346, 1789142
11, 0.75, 0, 54, 5.175, 316191, 100, 307337652, 380, 1935845
11, 0.833333, 0, 81, 6.34914, 234522, 100, 379925640, 327, 1130467
16, 0.666667, 1, 54, 4.33511, 292486, 100, 252707904, 1068, 2006639
16, 0.666667, 0, 54, 4.18021, 400000, 89, 345600000, 1282, 3056505
16, 0.5, 0, 81, 1.88418, 400000, 92, 388800000, 9202, 5626047
11, 0.5, 0, 27, 2.5517, 400000, 96, 129600000, 1772, 3515849
16, 0.75, 1, 54, 5.25441, 260407, 100, 253115604, 227, 1530258
11, 0.5, 0, 81, 1.696, 330411, 100, 321159492, 11296, 5202353
11, 0.5, 0, 54, 1.95146, 400000, 97, 259200000, 5861, 5157080
16, 0.666667, 1, 81, 4.17974, 240743, 100, 312002928, 2818, 1881413
11, 0.666667, 0, 54, 4.00103, 370661, 100, 320251104, 3536, 3143913
11, 0.833333, 0, 81, 6.36979, 182612, 100, 295831440, 100, 867863
11, 0.75, 0, 54, 5.19279, 307471, 100, 298861812, 467, 1860622
11, 0.75, 0, 81, 4.8143, 318971, 100, 465059718, 3358, 2639414
16, 0.666667, 1, 54, 4.3536, 311078, 100, 268771392, 920, 2112866
16, 0.75, 0, 81, 5.03343, 315460, 100, 459940680, 481, 2129978
11, 0.833333, 0, 81, 6.39319, 191100, 100, 309582000, 459, 896479
16, 0.666667, 0, 81, 3.84501, 400000, 76, 518400000, 2602, 3956265
16, 0.75, 1, 54, 5.274, 289068, 100, 280974096, 279, 1679835
16, 0.666667, 0, 54, 4.19602, 383299, 100, 331170336, 1413, 2904118
16, 0.75, 1, 81, 4.87633, 371319, 100, 541383102, 2182, 2906123
11, 0.75, 0, 54, 5.21082, 266335, 100, 258877620, 267, 1595730
11, 0.5, 0, 27, 2.56751, 400000, 74, 129600000, 1698, 3490384
16, 0.666667, 1, 81, 4.20012, 231027, 100, 299410992, 2897, 1786552
11, 0.666667, 0, 81, 3.71691, 370100, 100, 479649600, 5551, 3936318
16, 0.666667, 1, 54, 4.37153, 308337, 100, 266403168, 1312, 2072297
11, 0.833333, 0, 81, 6.41607, 204636, 100, 331510320, 169, 944711
16, 0.75, 1, 54, 5.2926, 254919, 100, 247781268, 522, 1468363
11, 0.666667, 0, 54, 4.01746, 400000, 88, 345600000, 2294, 3350496
11, 0.75, 0, 54, 5.2302, 261933, 100, 254598876, 347, 1550786
11, 0.833333, 0, 81, 6.43817, 158573, 100, 256888260, 105, 722856
16, 0.75, 0, 81, 5.05124, 317354, 100, 462702132, 801, 2116630
16, 0.666667, 1, 54, 4.38954, 251623, 100, 217402272, 897, 1674136
16, 0.666667, 0, 54, 4.21217, 400000, 98, 345600000, 641, 3001758
11, 0.5, 0, 27, 2.58332, 400000, 63, 129600000, 1031, 3464102
16, 0.75, 1, 54, 5.31241, 301419, 100, 292979268, 362, 1713657
16, 0.666667, 1, 81, 4.22093, 260352, 100, 337416192, 1113, 1986867
11, 0.5, 0, 54, 1.96728, 400000, 74, 259200000, 5309, 5099918
11, 0.833333, 0, 81, 6.46328, 165295, 100, 267777900, 117, 741957
16, 0.75, 1, 81, 4.89274, 378914, 100, 552456612, 1703, 2929145
16, 0.666667, 0, 81, 3.86082, 400000, 61, 518400000, 1940, 3908424
11, 0.75, 0, 54, 5.24974, 288795, 100, 280708740, 345, 1688836
16, 0.666667, 1, 54, 4.40947, 342710, 100, 296101440, 549, 2252188
16, 0.5, 0, 81, 1.89999, 400000, 78, 388800000, 6596, 5566306
16, 0.75, 0, 81, 5.06899, 307247, 100, 447966126, 221, 2025629
11, 0.75, 0, 81, 4.83201, 372137, 100, 542575746, 2196, 3034869
16, 0.666667, 0, 54, 4.22798, 400000, 99, 345600000, 694, 2972057
11, 0.5, 0, 81, 1.7134, 400000, 91, 388800000, 8741, 6220937
11, 0.666667, 0, 54, 4.03327, 400000, 68, 345600000, 1790, 3319273
16, 0.666667, 1, 81, 4.24053, 289080, 100, 374647680, 690, 2177773
11, 0.75, 0, 54, 5.26835, 308165, 100, 299536380, 265, 1783811
16, 0.666667, 0, 54, 4.24379, 400000, 89, 345600000, 967, 2944650
16, 0.75, 1, 81, 4.90898, 367974, 100, 536506092, 1263, 2808144
11, 0.75, 0, 54, 5.28636, 277889, 100, 270108108, 150, 1591790
16, 0.666667, 1, 81, 4.25913, 237499, 100, 307798704, 1641, 1771758
16, 0.75, 0, 81, 5.08703, 367836, 100, 536304888, 339, 2394576
11, 0.5, 0, 54, 1.98309, 400000, 55, 259200000, 3644, 5052599
11, 0.666667, 0, 54, 4.04908, 400000, 69, 345600000, 1885, 3285792
16, 0.666667, 0, 81, 3.87663, 400000, 61, 518400000, 2584, 3865044
11, 0.666667, 0, 81, 3.73335, 400000, 63, 518400000, 4086, 4193254
16, 0.666667, 0, 54, 4.2596, 388152, 100, 335363328, 761, 2832434
16, 0.666667, 1, 81, 4.27965, 292361, 100, 378899856, 1832, 2153847
11, 0.75, 0, 81, 4.8484, 400000, 97, 583200000, 2025, 3215505
16, 0.75, 0, 81, 5.10352, 355960, 100, 518989680, 109, 2291197
16, 0.5, 0, 81, 1.9158, 400000, 81, 388800000, 6555, 5512759
11, 0.666667, 0, 54, 4.06489, 400000, 77, 345600000, 1715, 3255441
16, 0.75, 1, 81, 4.92547, 400000, 80, 583200000, 958, 3016352
11, 0.5, 0, 54, 1.9989, 400000, 59, 259200000, 3051, 5007027
11, 0.5, 0, 81, 1.72921, 400000, 78, 388800000, 6841, 6148575
16, 0.666667, 0, 54, 4.27566, 400000, 93, 345600000, 674, 2894762
16, 0.666667, 1, 81, 4.29814, 233218, 100, 302250528, 2117, 1703137
16, 0.666667, 0, 81, 3.89244, 400000, 57, 518400000, 2098, 3820372
16, 0.75, 0, 81, 5.12028, 359994, 100, 524871252, 245, 2293054
16, 0.666667, 0, 54, 4.29147, 400000, 93, 345600000, 515, 2868016
11, 0.666667, 0, 54, 4.0807, 400000, 56, 345600000, 443, 3219417
16, 0.666667, 1, 81, 4.31885, 208591, 100, 270333936, 782, 1504086
11, 0.75, 0, 81, 4.86421, 350543, 100, 511091694, 1579, 2786191
16, 0.75, 1, 81, 4.94128, 400000, 92, 583200000, 815, 2985528
11, 0.666667, 0, 81, 3.74916, 400000, 71, 518400000, 4054, 4145376
16, 0.75, 0, 81, 5.13694, 295864, 100, 431369712, 212, 1866824
11, 0.5, 0, 54, 2.01471, 400000, 56, 259200000, 2439, 4962447
16, 0.666667, 1, 81, 4.34074, 296920, 100, 384808320, 1541, 2115772
16, 0.5, 0, 81, 1.93161, 400000, 66, 388800000, 5587, 5456672
11, 0.666667, 0, 54, 4.09652, 400000, 77, 345600000, 1053, 3192823
16, 0.666667, 0, 81, 3.90825, 400000, 53, 518400000, 1713, 3779356
11, 0.5, 0, 81, 1.74502, 400000, 95, 388800000, 8871, 6094445
16, 0.75, 1, 81, 4.95709, 400000, 91, 583200000, 330, 2950574
16, 0.75, 0, 81, 5.15533, 327656, 100, 477722448, 145, 2040535
11, 0.666667, 0, 54, 4.11233, 400000, 58, 345600000, 768, 3161070
11, 0.75, 0, 81, 4.8811, 378886, 100, 552415788, 954, 2970541
11, 0.5, 0, 54, 2.03052, 400000, 47, 259200000, 1852, 4916061
16, 0.75, 0, 81, 5.1728, 347198, 100, 506214684, 144, 2140766
16, 0.5, 0, 81, 1.94742, 400000, 71, 388800000, 5330, 5406344
16, 0.666667, 0, 81, 3.92406, 400000, 59, 518400000, 1686, 3739439
11, 0.666667, 0, 81, 3.76497, 400000, 67, 518400000, 2837, 4097755
16, 0.75, 1, 81, 4.9729, 400000, 91, 583200000, 592, 2919167
11, 0.666667, 0, 54, 4.12814, 400000, 60, 345600000, 997, 3131307
16, 0.75, 0, 81, 5.18977, 304184, 100, 443500272, 433, 1857267
11, 0.5, 0, 54, 2.04633, 400000, 42, 259200000, 2264, 4875797
11, 0.5, 0, 81, 1.76083, 400000, 64, 388800000, 4777, 6024158
16, 0.666667, 0, 81, 3.93987, 400000, 59, 518400000, 2173, 3703338
11, 0.666667, 0, 54, 4.14395, 400000, 63, 345600000, 796, 3107364
11, 0.75, 0, 81, 4.89735, 400000, 94, 583200000, 1753, 3100231
16, 0.75, 0, 81, 5.2079, 320593, 100, 467424594, 167, 1935629
16, 0.75, 1, 81, 4.98871, 400000, 93, 583200000, 809, 2888486
16, 0.5, 0, 81, 1.96323, 400000, 56, 388800000, 3935, 5346919
11, 0.5, 0, 54, 2.06214, 400000, 45, 259200000, 1878, 4835669
11, 0.666667, 0, 54, 4.15976, 400000, 69, 345600000, 781, 3072802
11, 0.666667, 0, 81, 3.78079, 400000, 44, 518400000, 2029, 4049050
16, 0.666667, 0, 81, 3.95569, 400000, 47, 518400000, 1472, 3661776
16, 0.75, 1, 81, 5.00453, 400000, 79, 583200000, 635, 2856439
11, 0.75, 0, 81, 4.91316, 400000, 83, 583200000, 651, 3065034
11, 0.666667, 0, 54, 4.17557, 400000, 66, 345600000, 525, 3047494
11, 0.5, 0, 81, 1.77665, 400000, 61, 388800000, 6160, 5964743
16, 0.5, 0, 81, 1.97905, 400000, 53, 388800000, 3887, 5293649
11, 0.5, 0, 54, 2.07796, 400000, 45, 259200000, 2184, 4789335
16, 0.666667, 0, 81, 3.9715, 400000, 51, 518400000, 1252, 3622991
16, 0.75, 1, 81, 5.02034, 400000, 95, 583200000, 642, 2827844
11, 0.666667, 0, 54, 4.19138, 400000, 60, 345600000, 429, 3020706
11, 0.666667, 0, 81, 3.7966, 400000, 55, 518400000, 2135, 4005153
11, 0.5, 0, 54, 2.09377, 400000, 27, 259200000, 1023, 4754171
11, 0.75, 0, 81, 4.92897, 400000, 72, 583200000, 518, 3028276
16, 0.5, 0, 81, 1.99486, 400000, 63, 388800000, 4159, 5249625
16, 0.666667, 0, 81, 3.98731, 400000, 60, 518400000, 668, 3587132
16, 0.75, 1, 81, 5.03615, 400000, 92, 583200000, 385, 2799552
11, 0.5, 0, 81, 1.79246, 400000, 39, 388800000, 3021, 5896409
11, 0.5, 0, 54, 2.10958, 400000, 35, 259200000, 1350, 4710428
16, 0.5, 0, 81, 2.01067, 400000, 46, 388800000, 3398, 5198634
16, 0.666667, 0, 81, 4.00312, 400000, 51, 518400000, 659, 3549283
11, 0.75, 0, 81, 4.94478, 400000, 73, 583200000, 431, 2993843
16, 0.75, 1, 81, 5.05196, 400000, 99, 583200000, 338, 2771557
11, 0.666667, 0, 81, 3.81241, 400000, 43, 518400000, 1535, 3962623
11, 0.5, 0, 54, 2.12539, 400000, 41, 259200000, 1323, 4671173
16, 0.666667, 0, 81, 4.01893, 400000, 46, 518400000, 440, 3512369
11, 0.5, 0, 81, 1.80827, 400000, 44, 388800000, 2438, 5846577
16, 0.75, 1, 81, 5.06777, 400000, 80, 583200000, 544, 2745542
16, 0.5, 0, 81, 2.02648, 400000, 51, 388800000, 2471, 5148048
11, 0.75, 0, 81, 4.9606, 400000, 78, 583200000, 615, 2960152
11, 0.5, 0, 54, 2.1412, 400000, 27, 259200000, 746, 4635716
16, 0.75, 1, 81, 5.08358, 400000, 87, 583200000, 234, 2715200
16, 0.666667, 0, 81, 4.03474, 400000, 44, 518400000, 241, 3481029
11, 0.666667, 0, 81, 3.82822, 400000, 60, 518400000, 1476, 3915438
16, 0.5, 0, 81, 2.04229, 400000, 41, 388800000, 2174, 5104389
11, 0.75, 0, 81, 4.97641, 400000, 75, 583200000, 367, 2932354
11, 0.5, 0, 54, 2.15701, 400000, 20, 259200000, 1196, 4596280
11, 0.5, 0, 81, 1.82408, 400000, 41, 388800000, 2550, 5783769
16, 0.666667, 0, 81, 4.05055, 400000, 34, 518400000, 609, 3446378
16, 0.5, 0, 81, 2.0581, 400000, 34, 388800000, 2516, 5057476
11, 0.5, 0, 54, 2.17282, 400000, 29, 259200000, 720, 4558259
11, 0.666667, 0, 81, 3.84403, 400000, 28, 518400000, 498, 3873384
16, 0.666667, 0, 81, 4.06637, 400000, 39, 518400000, 530, 3414966
11, 0.75, 0, 81, 4.99222, 400000, 78, 583200000, 448, 2898657
16, 0.5, 0, 81, 2.07391, 400000, 28, 388800000, 1360, 5009646
11, 0.5, 0, 81, 1.83989, 400000, 41, 388800000, 2942, 5728119
16, 0.666667, 0, 81, 4.08218, 400000, 46, 518400000, 1048, 3381245
11, 0.666667, 0, 81, 3.85984, 400000, 35, 518400000, 1133, 3832865
11, 0.75, 0, 81, 5.00803, 400000, 73, 583200000, 669, 2869894
16, 0.5, 0, 81, 2.08973, 400000, 33, 388800000, 1706, 4966874
16, 0.666667, 0, 81, 4.09799, 400000, 36, 518400000, 527, 3350445
11, 0.5, 0, 81, 1.8557, 400000, 27, 388800000, 2382, 5674740
11, 0.75, 0, 81, 5.02384, 400000, 65, 583200000, 617, 2840805
11, 0.666667, 0, 81, 3.87565, 400000, 30, 518400000, 645, 3794523
16, 0.5, 0, 81, 2.10554, 400000, 25, 388800000, 1290, 4924579
11, 0.5, 0, 81, 1.87151, 400000, 19, 388800000, 1816, 5619474
11, 0.75, 0, 81, 5.03965, 400000, 81, 583200000, 542, 2811682
16, 0.5, 0, 81, 2.12135, 400000, 26, 388800000, 1370, 4881519
11, 0.666667, 0, 81, 3.89146, 400000, 34, 518400000, 707, 3755304
11, 0.75, 0, 81, 5.05546, 392769, 100, 572657202, 226, 2730267
11, 0.5, 0, 81, 1.88733, 400000, 23, 388800000, 1311, 5566689
16, 0.5, 0, 81, 2.13716, 400000, 26, 388800000, 1606, 4842797
11, 0.666667, 0, 81, 3.90728, 400000, 33, 518400000, 651, 3714350
11, 0.75, 0, 81, 5.07142, 400000, 70, 583200000, 483, 2754755
16, 0.5, 0, 81, 2.15297, 400000, 27, 388800000, 560, 4798981
11, 0.5, 0, 81, 1.90314, 400000, 29, 388800000, 2036, 5520142
11, 0.666667, 0, 81, 3.92309, 400000, 32, 518400000, 661, 3677606
11, 0.5, 0, 81, 1.91895, 400000, 23, 388800000, 633, 5469808
11, 0.666667, 0, 81, 3.9389, 400000, 28, 518400000, 519, 3642893
11, 0.5, 0, 81, 1.93476, 400000, 18, 388800000, 829, 5420609
11, 0.666667, 0, 81, 3.95471, 400000, 25, 518400000, 147, 3609482
11, 0.5, 0, 81, 1.95057, 400000, 18, 388800000, 1033, 5372157
11, 0.666667, 0, 81, 3.97052, 400000, 26, 518400000, 152, 3572634
11, 0.666667, 0, 81, 3.98633, 400000, 28, 518400000, 86, 3539010
11, 0.5, 0, 81, 1.96638, 400000, 15, 388800000, 583, 5327128
11, 0.666667, 0, 81, 4.00214, 400000, 35, 518400000, 90, 3504941
11, 0.5, 0, 81, 1.98219, 400000, 16, 388800000, 1199, 5280065
11, 0.666667, 0, 81, 4.01796, 400000, 29, 518400000, 57, 3472931
11, 0.666667, 0, 81, 4.03377, 400000, 28, 518400000, 77, 3443105
